initialization,seed,epoch,train_loss,train_accuracy,validation_loss,validation_accuracy,dW1_rms,dW2_rms
zero,654571,1,2.3015139389936414,0.11254,2.3017844562524554,0.1093,0.0,0.0
zero,654571,2,2.3012776278724223,0.11298,2.3017653029652445,0.1093,0.0,0.0
zero,654571,3,2.301262737892459,0.11298,2.3018227693850744,0.1093,0.0,0.0
zero,654571,4,2.3012968121185495,0.11298,2.3018377822887364,0.1093,0.0,0.0
zero,654571,5,2.3012973067238525,0.11298,2.301767179168278,0.1093,0.0,0.0
zero,654571,6,2.3013142930649058,0.11298,2.3017597233210707,0.1093,0.0,0.0
zero,654571,7,2.3012880377766836,0.11298,2.302019115814138,0.1093,0.0,0.0
zero,654571,8,2.3012848949413978,0.11298,2.301720407922602,0.1093,0.0,0.0
zero,654571,9,2.301285757643381,0.11298,2.301820712051093,0.1093,0.0,0.0
zero,654571,10,2.3012666666722814,0.11298,2.301812432915448,0.1093,0.0,0.0
zero,654571,11,2.301296729330409,0.11298,2.3017673530991125,0.1093,0.0,0.0
zero,654571,12,2.301287964672904,0.11298,2.3019687386660497,0.1093,0.0,0.0
zero,654571,13,2.3013284647339334,0.11298,2.301728396974721,0.1093,0.0,0.0
zero,654571,14,2.3012577137715673,0.11298,2.30176154054799,0.1093,0.0,0.0
zero,654571,15,2.3013034388395557,0.11298,2.3018219628676135,0.1093,0.0,0.0
zero,654571,16,2.3013180517861462,0.11298,2.3018571172498072,0.1093,0.0,0.0
zero,654571,17,2.301288484131505,0.11298,2.3018520138448846,0.1093,0.0,0.0
zero,654571,18,2.301272178090174,0.11298,2.3017391956573974,0.1093,0.0,0.0
zero,654571,19,2.3013133416130267,0.11298,2.301781519420693,0.1093,0.0,0.0
zero,654571,20,2.30123567338226,0.11298,2.30182201768391,0.1093,0.0,0.0
zero,654571,21,2.301273512793334,0.11298,2.301696029533198,0.1093,0.0,0.0
zero,654571,22,2.3012649140666954,0.11298,2.30193441983789,0.1093,0.0,0.0
zero,654571,23,2.30130769793865,0.11298,2.301821278054324,0.1093,0.0,0.0
zero,654571,24,2.3013225171527147,0.11298,2.3018178341758135,0.1093,0.0,0.0
zero,654571,25,2.3012748100625497,0.11298,2.3018441686937536,0.1093,0.0,0.0
zero,654571,26,2.301270748426722,0.11298,2.3019055741181327,0.1093,0.0,0.0
zero,654571,27,2.3013028699185156,0.11298,2.3017184590784048,0.1093,0.0,0.0
zero,654571,28,2.3012763795745075,0.11298,2.3018983119773324,0.1093,0.0,0.0
zero,654571,29,2.301302801415131,0.11298,2.3018978070039937,0.1093,0.0,0.0
zero,654571,30,2.3013194452204866,0.11298,2.301755809372714,0.1093,0.0,0.0
zero,654571,31,2.3013156639882513,0.11298,2.301742593205266,0.1093,0.0,0.0
zero,654571,32,2.3013319758902515,0.11298,2.301737160016983,0.1093,0.0,0.0
zero,654571,33,2.3013233233170047,0.11298,2.301832970594171,0.1093,0.0,0.0
zero,654571,34,2.3012216462338717,0.11298,2.302065186921302,0.1093,0.0,0.0
zero,654571,35,2.3012811104221083,0.11298,2.3018957916087937,0.1093,0.0,0.0
zero,654571,36,2.3013234344216817,0.11298,2.3018045587691764,0.1093,0.0,0.0
zero,654571,37,2.301310800797343,0.11298,2.3018238811562117,0.1093,0.0,0.0
zero,654571,38,2.30129674179323,0.11298,2.3019387904421302,0.1093,0.0,0.0
zero,654571,39,2.301316365751007,0.11298,2.3018693892463133,0.1093,0.0,0.0
zero,654571,40,2.301257123405217,0.11298,2.301751134163407,0.1093,0.0,0.0
zero,654571,41,2.3012920701983264,0.11298,2.301777133550445,0.1093,0.0,0.0
zero,654571,42,2.301273556075504,0.11298,2.3019550313940997,0.1093,0.0,0.0
zero,654571,43,2.301319100087591,0.11298,2.301812447629827,0.1093,0.0,0.0
zero,654571,44,2.30129709414163,0.11298,2.301936290834508,0.1093,0.0,0.0
zero,654571,45,2.3013160608564127,0.11298,2.3016656712979837,0.1093,0.0,0.0
zero,654571,46,2.3013319431503763,0.11298,2.3017372865743755,0.1093,0.0,0.0
zero,654571,47,2.301261928839762,0.11298,2.3020808881542307,0.1093,0.0,0.0
zero,654571,48,2.301310530350236,0.11298,2.3018289373829868,0.1093,0.0,0.0
zero,654571,49,2.3013261026570153,0.11298,2.301845702656942,0.1093,0.0,0.0
zero,654571,50,2.3012606469991805,0.11298,2.3019149120613216,0.1093,0.0,0.0
zero,654571,51,2.3013535490138044,0.11298,2.301763183835266,0.1093,0.0,0.0
zero,654571,52,2.3013031734988716,0.11298,2.3017799554973477,0.1093,0.0,0.0
zero,654571,53,2.30133576458389,0.11298,2.301737549662438,0.1093,0.0,0.0
zero,654571,54,2.301298797881675,0.11298,2.3018565821964287,0.1093,0.0,0.0
zero,654571,55,2.301259791819181,0.11298,2.3018659966182335,0.1093,0.0,0.0
zero,654571,56,2.301297978517739,0.11298,2.3018795553960496,0.1093,0.0,0.0
zero,654571,57,2.3012612019918883,0.11298,2.3017403064410744,0.1093,0.0,0.0
zero,654571,58,2.3013256280034717,0.11298,2.3019285209607725,0.1093,0.0,0.0
zero,654571,59,2.3013094630364606,0.11298,2.301894163631983,0.1093,0.0,0.0
zero,654571,60,2.3012850074348883,0.11298,2.301754681355102,0.1093,0.0,0.0
zero,654571,61,2.3013367585256606,0.11298,2.3016905151365155,0.1093,0.0,0.0
zero,654571,62,2.3012468091484886,0.11298,2.3018771573101207,0.1093,0.0,0.0
zero,654571,63,2.3013007557626977,0.11298,2.3017727927105547,0.1093,0.0,0.0
zero,654571,64,2.3012896530526366,0.11284,2.3019307570239587,0.1093,0.0,0.0
zero,654571,65,2.30127963643539,0.11298,2.3017215156519626,0.1093,0.0,0.0
zero,654571,66,2.3012815490265885,0.11298,2.3017465550498284,0.1093,0.0,0.0
zero,654571,67,2.3012742564470665,0.11298,2.3018457896282696,0.1093,0.0,0.0
zero,654571,68,2.301262801665772,0.11298,2.3018624266909287,0.1093,0.0,0.0
zero,654571,69,2.3012710378200087,0.11298,2.3019283920299407,0.1093,0.0,0.0
zero,654571,70,2.3012971798487674,0.11298,2.3017845974467104,0.1093,0.0,0.0
zero,654571,71,2.3012915110554766,0.11298,2.3017787654691984,0.1093,0.0,0.0
zero,654571,72,2.301295264251711,0.11298,2.3016444813267727,0.1093,0.0,0.0
zero,654571,73,2.3012808895313723,0.11298,2.3018557843394403,0.1093,0.0,0.0
zero,654571,74,2.3013026654825697,0.11298,2.3017934056345504,0.1093,0.0,0.0
zero,654571,75,2.3012848122278298,0.11298,2.3018410260589968,0.1093,0.0,0.0
zero,654571,76,2.3013341883657974,0.11298,2.301729270176446,0.1093,0.0,0.0
zero,654571,77,2.301269056805476,0.11298,2.3017306273007163,0.1093,0.0,0.0
zero,654571,78,2.3013053885711594,0.11298,2.301712711755727,0.1093,0.0,0.0
zero,654571,79,2.3012586224582496,0.11298,2.301896239396519,0.1093,0.0,0.0
zero,654571,80,2.3012264212085887,0.11298,2.302108608432267,0.1093,0.0,0.0
zero,654571,81,2.301314796160793,0.11298,2.3017131007488434,0.1093,0.0,0.0
zero,654571,82,2.3013061446825573,0.11298,2.3016779589546177,0.1093,0.0,0.0
zero,654571,83,2.301317109875483,0.11298,2.3018751253048655,0.1093,0.0,0.0
zero,654571,84,2.3013215113074383,0.11298,2.301698711780252,0.1093,0.0,0.0
zero,654571,85,2.3012819619270055,0.11298,2.3018552930431735,0.1093,0.0,0.0
zero,654571,86,2.3012791216605666,0.11298,2.3018099625040866,0.1093,0.0,0.0
zero,654571,87,2.3013235746297442,0.11298,2.3017560945427085,0.1093,0.0,0.0
zero,654571,88,2.3012652815056867,0.11298,2.301993702451349,0.1093,0.0,0.0
zero,654571,89,2.301290035271209,0.11298,2.3018630125380817,0.1093,0.0,0.0
zero,654571,90,2.301247580582394,0.11298,2.3019069021076066,0.1093,0.0,0.0
zero,654571,91,2.3012839932419684,0.11298,2.3019175750539143,0.1093,0.0,0.0
zero,654571,92,2.3013085117286107,0.11298,2.301730755424098,0.1093,0.0,0.0
zero,654571,93,2.3013060340393747,0.11298,2.301808694839704,0.1093,0.0,0.0
zero,654571,94,2.30125134268771,0.11298,2.3018678223013977,0.1093,0.0,0.0
zero,654571,95,2.3012708230781485,0.11298,2.3017504814800986,0.1093,0.0,0.0
zero,654571,96,2.301302175895221,0.11298,2.3019395459935286,0.1093,0.0,0.0
zero,654571,97,2.3013054926004504,0.11298,2.301867445004811,0.1093,0.0,0.0
zero,654571,98,2.301306710545878,0.11298,2.3017722332376196,0.1093,0.0,0.0
zero,654571,99,2.3012532486272526,0.11298,2.302035495702165,0.1093,0.0,0.0
zero,654571,100,2.301339959790372,0.11298,2.3018005626738187,0.1093,0.0,0.0
zero,89250,1,2.3014759947611845,0.11244,2.3018354725307377,0.1093,0.0,0.0
zero,89250,2,2.3013112032503313,0.11298,2.301932971387852,0.1093,0.0,0.0
zero,89250,3,2.301269603137822,0.11298,2.301856229707253,0.1093,0.0,0.0
zero,89250,4,2.3012588684478086,0.11298,2.301680594312442,0.1093,0.0,0.0
zero,89250,5,2.3012917954747607,0.11298,2.30184032864678,0.1093,0.0,0.0
zero,89250,6,2.3012985029698734,0.11298,2.301834086586119,0.1093,0.0,0.0
zero,89250,7,2.3013134724563455,0.11298,2.30174248735194,0.1093,0.0,0.0
zero,89250,8,2.301280735303922,0.11298,2.301992792390034,0.1093,0.0,0.0
zero,89250,9,2.3012893302909645,0.11298,2.301907769921996,0.1093,0.0,0.0
zero,89250,10,2.3013014299955485,0.1128,2.301834866277004,0.1093,0.0,0.0
zero,89250,11,2.3013272328430774,0.11298,2.301760235802937,0.1093,0.0,0.0
zero,89250,12,2.301310423794355,0.11298,2.3018469056188993,0.1093,0.0,0.0
zero,89250,13,2.3013033139189116,0.11298,2.3019240919219466,0.1093,0.0,0.0
zero,89250,14,2.3012731555526327,0.11298,2.301885718841627,0.1093,0.0,0.0
zero,89250,15,2.3012113713498517,0.11298,2.3019329139850275,0.1093,0.0,0.0
zero,89250,16,2.3012870719240768,0.11288,2.3018350575724384,0.1093,0.0,0.0
zero,89250,17,2.301274562407678,0.11298,2.302083857740009,0.1093,0.0,0.0
zero,89250,18,2.30128326113213,0.11298,2.3017804256954366,0.1093,0.0,0.0
zero,89250,19,2.3013046413939806,0.11298,2.301785510352921,0.1093,0.0,0.0
zero,89250,20,2.3012565137068695,0.11298,2.301769314870067,0.1093,0.0,0.0
zero,89250,21,2.301280015870801,0.11298,2.3017587246425246,0.1093,0.0,0.0
zero,89250,22,2.301348927040645,0.11298,2.3017358682113924,0.1093,0.0,0.0
zero,89250,23,2.301328770175109,0.11298,2.3017630977077164,0.1093,0.0,0.0
zero,89250,24,2.301313713455298,0.11298,2.301847235972332,0.1093,0.0,0.0
zero,89250,25,2.3013235183777394,0.11298,2.3017254500797466,0.1093,0.0,0.0
zero,89250,26,2.3012928896122684,0.11298,2.3017373600088,0.1093,0.0,0.0
zero,89250,27,2.3012708488810545,0.11298,2.301808862175262,0.1093,0.0,0.0
zero,89250,28,2.301305048205824,0.11298,2.3017141566398323,0.1093,0.0,0.0
zero,89250,29,2.301325430146465,0.11298,2.3017685566214707,0.1093,0.0,0.0
zero,89250,30,2.3012820566788053,0.11298,2.301821462903753,0.1093,0.0,0.0
zero,89250,31,2.3013018508415573,0.11298,2.3018737839609686,0.1093,0.0,0.0
zero,89250,32,2.301274669141116,0.11298,2.3018871629714726,0.1093,0.0,0.0
zero,89250,33,2.3013050324711952,0.11298,2.3018619824302005,0.1093,0.0,0.0
zero,89250,34,2.301267690205299,0.11298,2.3020002445823198,0.1093,0.0,0.0
zero,89250,35,2.3012934051156404,0.11298,2.3017432599902423,0.1093,0.0,0.0
zero,89250,36,2.3012452729118813,0.11298,2.302033079121048,0.1093,0.0,0.0
zero,89250,37,2.301323629534559,0.11298,2.3016321851832733,0.1093,0.0,0.0
zero,89250,38,2.3012936563073283,0.11298,2.301762161239611,0.1093,0.0,0.0
zero,89250,39,2.3012819692960966,0.11298,2.301915251981665,0.1093,0.0,0.0
zero,89250,40,2.3013108462764533,0.11298,2.301745195005934,0.1093,0.0,0.0
zero,89250,41,2.3012375234426994,0.11298,2.3017671970070914,0.1093,0.0,0.0
zero,89250,42,2.3013071583071225,0.11298,2.3017843354872554,0.1093,0.0,0.0
zero,89250,43,2.301269518322795,0.11298,2.3018797315887674,0.1093,0.0,0.0
zero,89250,44,2.301278637871738,0.11298,2.301806539478877,0.1093,0.0,0.0
zero,89250,45,2.301301788722811,0.11298,2.301724529410877,0.1093,0.0,0.0
zero,89250,46,2.3013010824306512,0.11298,2.3019824809048854,0.1093,0.0,0.0
zero,89250,47,2.3012712228989423,0.11298,2.301686977377196,0.1093,0.0,0.0
zero,89250,48,2.3013486844326456,0.11298,2.3018134551413874,0.1093,0.0,0.0
zero,89250,49,2.301310541497969,0.11298,2.3017754241385346,0.1093,0.0,0.0
zero,89250,50,2.301278282371154,0.11298,2.301908955984768,0.1093,0.0,0.0
zero,89250,51,2.3013126121279215,0.11298,2.301853207621961,0.1093,0.0,0.0
zero,89250,52,2.301300303823388,0.11298,2.3018301399859125,0.1093,0.0,0.0
zero,89250,53,2.3012549649308567,0.11298,2.3019363462062525,0.1093,0.0,0.0
zero,89250,54,2.3012766155286912,0.11298,2.301995328804121,0.1093,0.0,0.0
zero,89250,55,2.301279696092787,0.11298,2.3018101473092365,0.1093,0.0,0.0
zero,89250,56,2.3012804609009296,0.11298,2.3018535489046803,0.1093,0.0,0.0
zero,89250,57,2.301277165542782,0.11298,2.301821982716235,0.1093,0.0,0.0
zero,89250,58,2.301303554572725,0.11298,2.3017145443862272,0.1093,0.0,0.0
zero,89250,59,2.301274586295915,0.11298,2.301935530457313,0.1093,0.0,0.0
zero,89250,60,2.3013138889722824,0.11298,2.301834396672184,0.1093,0.0,0.0
zero,89250,61,2.301317610402862,0.11298,2.301937801428907,0.1093,0.0,0.0
zero,89250,62,2.301306172252837,0.11298,2.301755429714167,0.1093,0.0,0.0
zero,89250,63,2.3012914544704346,0.11298,2.301929033168679,0.1093,0.0,0.0
zero,89250,64,2.3013039220539127,0.11298,2.302005714455829,0.1093,0.0,0.0
zero,89250,65,2.3013031010517286,0.11298,2.3017685339625773,0.1093,0.0,0.0
zero,89250,66,2.3012740903636972,0.11298,2.3016590986982477,0.1093,0.0,0.0
zero,89250,67,2.301301039336348,0.1128,2.30196077130708,0.1093,0.0,0.0
zero,89250,68,2.30129464601045,0.11298,2.3020144031317695,0.1093,0.0,0.0
zero,89250,69,2.3013069777975277,0.11298,2.3019471089417283,0.1093,0.0,0.0
zero,89250,70,2.30128638391364,0.11298,2.301684785354502,0.1093,0.0,0.0
zero,89250,71,2.301298526569054,0.11298,2.3018718452060076,0.1093,0.0,0.0
zero,89250,72,2.301307597078152,0.11298,2.3017396545590896,0.1093,0.0,0.0
zero,89250,73,2.3012676812573547,0.11292,2.301884302910209,0.1093,0.0,0.0
zero,89250,74,2.3012982838845537,0.11298,2.3019535654445322,0.1093,0.0,0.0
zero,89250,75,2.3012763796877524,0.11298,2.3018226094354013,0.1093,0.0,0.0
zero,89250,76,2.3012858383978005,0.11298,2.3017592318257027,0.1093,0.0,0.0
zero,89250,77,2.301305917622089,0.11298,2.3019148266127023,0.1093,0.0,0.0
zero,89250,78,2.301264911466189,0.11298,2.3019680438977166,0.1093,0.0,0.0
zero,89250,79,2.30132012947721,0.11298,2.30195784009728,0.1093,0.0,0.0
zero,89250,80,2.3013198059469406,0.11298,2.3020054910782553,0.1093,0.0,0.0
zero,89250,81,2.301308119347168,0.11298,2.3017458430769837,0.1093,0.0,0.0
zero,89250,82,2.3012975738411168,0.11298,2.30174638804277,0.1093,0.0,0.0
zero,89250,83,2.3012738651196036,0.11298,2.301848495328487,0.1093,0.0,0.0
zero,89250,84,2.30128705075702,0.11298,2.301884173701234,0.1093,0.0,0.0
zero,89250,85,2.3013236770429386,0.11298,2.3018037133257336,0.1093,0.0,0.0
zero,89250,86,2.301310087517533,0.11298,2.301806756902147,0.1093,0.0,0.0
zero,89250,87,2.301337102331292,0.11298,2.3018053964678953,0.1093,0.0,0.0
zero,89250,88,2.301259142638334,0.11298,2.301863209943591,0.1093,0.0,0.0
zero,89250,89,2.301324562028896,0.11298,2.3017310600899537,0.1093,0.0,0.0
zero,89250,90,2.3012741760844735,0.11298,2.3017452229401343,0.1093,0.0,0.0
zero,89250,91,2.3013160012039124,0.11298,2.3017439086927736,0.1093,0.0,0.0
zero,89250,92,2.301319099382436,0.11298,2.3017006896502883,0.1093,0.0,0.0
zero,89250,93,2.3012808777036704,0.11298,2.3017857771319177,0.1093,0.0,0.0
zero,89250,94,2.3013400562396877,0.11298,2.3017547529020392,0.1093,0.0,0.0
zero,89250,95,2.3012937610243025,0.11298,2.301702761322742,0.1093,0.0,0.0
zero,89250,96,2.301294022381253,0.11298,2.30171707660666,0.1093,0.0,0.0
zero,89250,97,2.3013049067816698,0.11298,2.3017615955216173,0.1093,0.0,0.0
zero,89250,98,2.301255052359675,0.11298,2.3016953604112236,0.1093,0.0,0.0
zero,89250,99,2.3013182390894356,0.11298,2.301774484226274,0.1093,0.0,0.0
zero,89250,100,2.301329683642472,0.11298,2.3017573460378555,0.1093,0.0,0.0
zero,773955,1,2.301460114859366,0.11198,2.301811256758956,0.1093,0.0,0.0
zero,773955,2,2.3012763285932505,0.11298,2.301744143645499,0.1093,0.0,0.0
zero,773955,3,2.3013075110509758,0.11298,2.3017659347955877,0.1093,0.0,0.0
zero,773955,4,2.3012800618267626,0.11298,2.3019371122511036,0.1093,0.0,0.0
zero,773955,5,2.3013114514674773,0.11298,2.3016966275464648,0.1093,0.0,0.0
zero,773955,6,2.3012962874306555,0.11298,2.3017402365289583,0.1093,0.0,0.0
zero,773955,7,2.3012847128683918,0.11298,2.301916735251899,0.1093,0.0,0.0
zero,773955,8,2.301318158366793,0.11298,2.301934759318551,0.1093,0.0,0.0
zero,773955,9,2.3013074698926927,0.11298,2.3016849771090224,0.1093,0.0,0.0
zero,773955,10,2.301259064490492,0.11298,2.3018470034540943,0.1093,0.0,0.0
zero,773955,11,2.3013064115967556,0.11298,2.3018695169899934,0.1093,0.0,0.0
zero,773955,12,2.3013087065934976,0.11298,2.3017398215370317,0.1093,0.0,0.0
zero,773955,13,2.301302094862978,0.11298,2.3019730933073137,0.1093,0.0,0.0
zero,773955,14,2.301323324591178,0.11298,2.3017939753745558,0.1093,0.0,0.0
zero,773955,15,2.301286413032777,0.11298,2.3018445057720003,0.1093,0.0,0.0
zero,773955,16,2.301283470375798,0.11298,2.301975277385136,0.1093,0.0,0.0
zero,773955,17,2.301320009947708,0.11298,2.3019113121742696,0.1093,0.0,0.0
zero,773955,18,2.301308713268613,0.11298,2.3016872580519987,0.1093,0.0,0.0
zero,773955,19,2.3013370857183255,0.11298,2.3018508340407067,0.1093,0.0,0.0
zero,773955,20,2.301277317777688,0.11298,2.301828849307542,0.1093,0.0,0.0
zero,773955,21,2.3012629548696752,0.11298,2.301685213745153,0.1093,0.0,0.0
zero,773955,22,2.3012573732175445,0.11298,2.3018751889435194,0.1093,0.0,0.0
zero,773955,23,2.301335475531342,0.11298,2.3017404409278766,0.1093,0.0,0.0
zero,773955,24,2.301239520874616,0.11298,2.301924115770039,0.1093,0.0,0.0
zero,773955,25,2.3013334366786595,0.11298,2.301733083552128,0.1093,0.0,0.0
zero,773955,26,2.3013292097671285,0.11298,2.3018281917141756,0.1093,0.0,0.0
zero,773955,27,2.30132427387047,0.11298,2.3019093505953423,0.1093,0.0,0.0
zero,773955,28,2.3013133178356737,0.11298,2.3017244338348504,0.1093,0.0,0.0
zero,773955,29,2.3012653426004026,0.11298,2.301929286443048,0.1093,0.0,0.0
zero,773955,30,2.3012577035807413,0.11298,2.3018895012354808,0.1093,0.0,0.0
zero,773955,31,2.301305066574357,0.11298,2.3019002037261287,0.1093,0.0,0.0
zero,773955,32,2.301323280675787,0.11298,2.3018191555626357,0.1093,0.0,0.0
zero,773955,33,2.301281793356937,0.11298,2.3016729840669905,0.1093,0.0,0.0
zero,773955,34,2.301320882484389,0.11298,2.301815768339669,0.1093,0.0,0.0
zero,773955,35,2.3012822790602585,0.11298,2.301838251643048,0.1093,0.0,0.0
zero,773955,36,2.301318943831473,0.11298,2.3017235762005126,0.1093,0.0,0.0
zero,773955,37,2.301316959536246,0.11298,2.3017481205293753,0.1093,0.0,0.0
zero,773955,38,2.3012622207022178,0.11298,2.301906380934637,0.1093,0.0,0.0
zero,773955,39,2.301305934342662,0.11298,2.3019090728700804,0.1093,0.0,0.0
zero,773955,40,2.3012625882228166,0.11298,2.3018462978236256,0.1093,0.0,0.0
zero,773955,41,2.301267683515125,0.11298,2.301789874461265,0.1093,0.0,0.0
zero,773955,42,2.3012464897075318,0.11298,2.3018260500750825,0.1093,0.0,0.0
zero,773955,43,2.301326008408013,0.11298,2.3016912771466282,0.1093,0.0,0.0
zero,773955,44,2.301289937652336,0.11298,2.301747055614717,0.1093,0.0,0.0
zero,773955,45,2.3013242018378843,0.11298,2.301787974095129,0.1093,0.0,0.0
zero,773955,46,2.301279297105968,0.11298,2.3019148183671505,0.1093,0.0,0.0
zero,773955,47,2.3013082284444972,0.11298,2.3016541847679726,0.1093,0.0,0.0
zero,773955,48,2.3013111979171255,0.11298,2.3017934393465156,0.1093,0.0,0.0
zero,773955,49,2.301330568217434,0.11298,2.301771984938206,0.1093,0.0,0.0
zero,773955,50,2.301295120106535,0.11298,2.3017958511764998,0.1093,0.0,0.0
zero,773955,51,2.301287233611802,0.11298,2.3018726298113887,0.1093,0.0,0.0
zero,773955,52,2.301193054252031,0.11298,2.302019056679273,0.1093,0.0,0.0
zero,773955,53,2.301365146539394,0.11298,2.301797213539748,0.1093,0.0,0.0
zero,773955,54,2.3013364540258587,0.11298,2.3017400247318958,0.1093,0.0,0.0
zero,773955,55,2.3012434140267177,0.11298,2.3017113315001754,0.1093,0.0,0.0
zero,773955,56,2.3012869614370643,0.11298,2.3018520835162257,0.1093,0.0,0.0
zero,773955,57,2.3013244984086,0.11298,2.3019827086417672,0.1093,0.0,0.0
zero,773955,58,2.301289674966739,0.11298,2.3019818844340643,0.1093,0.0,0.0
zero,773955,59,2.301314914818616,0.11298,2.301780996129606,0.1093,0.0,0.0
zero,773955,60,2.301298111248739,0.11298,2.3018993036875277,0.1093,0.0,0.0
zero,773955,61,2.301275141976466,0.11298,2.3017986785789373,0.1093,0.0,0.0
zero,773955,62,2.301281050265792,0.11298,2.3019314711867946,0.1093,0.0,0.0
zero,773955,63,2.3012668544250396,0.11298,2.3017670628408258,0.1093,0.0,0.0
zero,773955,64,2.301307516243678,0.11298,2.301833581113614,0.1093,0.0,0.0
zero,773955,65,2.3013021378574403,0.11298,2.301724445404274,0.1093,0.0,0.0
zero,773955,66,2.3012322849184876,0.11298,2.302152414687822,0.1093,0.0,0.0
zero,773955,67,2.3013518990538437,0.11298,2.30183701068216,0.1093,0.0,0.0
zero,773955,68,2.301223172237214,0.11298,2.3020100315279666,0.1093,0.0,0.0
zero,773955,69,2.3013422568001904,0.11298,2.301799823522534,0.1093,0.0,0.0
zero,773955,70,2.3013121898206768,0.11298,2.3017183311706098,0.1093,0.0,0.0
zero,773955,71,2.3012475909686056,0.11298,2.301839529025264,0.1093,0.0,0.0
zero,773955,72,2.301296473821699,0.11298,2.30190938221398,0.1093,0.0,0.0
zero,773955,73,2.301185311125991,0.11298,2.301904009108274,0.1093,0.0,0.0
zero,773955,74,2.301311348787779,0.11298,2.301771382160248,0.1093,0.0,0.0
zero,773955,75,2.3013162433668426,0.11298,2.301756162146386,0.1093,0.0,0.0
zero,773955,76,2.3013180197381895,0.11298,2.3017856137249217,0.1093,0.0,0.0
zero,773955,77,2.301292813183791,0.11298,2.3018358437089868,0.1093,0.0,0.0
zero,773955,78,2.301305347423945,0.11298,2.3018350273680093,0.1093,0.0,0.0
zero,773955,79,2.3012476078572464,0.11298,2.3019668564252127,0.1093,0.0,0.0
zero,773955,80,2.301306802929121,0.11298,2.301980439328165,0.1093,0.0,0.0
zero,773955,81,2.301306866444529,0.11298,2.301728373117225,0.1093,0.0,0.0
zero,773955,82,2.3013089664138944,0.11298,2.3018905635088402,0.1093,0.0,0.0
zero,773955,83,2.3012882279141595,0.11298,2.301809904818258,0.1093,0.0,0.0
zero,773955,84,2.3013023994917705,0.11298,2.301853431115009,0.1093,0.0,0.0
zero,773955,85,2.301277453228258,0.11298,2.3017399854967153,0.1093,0.0,0.0
zero,773955,86,2.30131180578832,0.11298,2.3018002945783076,0.1093,0.0,0.0
zero,773955,87,2.3012956472084993,0.11298,2.301739910423537,0.1093,0.0,0.0
zero,773955,88,2.301334784414762,0.11298,2.3018536638888225,0.1093,0.0,0.0
zero,773955,89,2.3013337586340565,0.11298,2.301941050759368,0.1093,0.0,0.0
zero,773955,90,2.3012848285221095,0.11298,2.301991445325871,0.1093,0.0,0.0
zero,773955,91,2.3012565990526213,0.11298,2.3019176534831463,0.1093,0.0,0.0
zero,773955,92,2.3012801022334326,0.11298,2.3019350446302114,0.1093,0.0,0.0
zero,773955,93,2.3012928282471887,0.11298,2.301939244783936,0.1093,0.0,0.0
zero,773955,94,2.301309856671311,0.11298,2.3017531599813807,0.1093,0.0,0.0
zero,773955,95,2.301247947205314,0.11298,2.3016900323745313,0.1093,0.0,0.0
zero,773955,96,2.301320332016342,0.11298,2.301823727101536,0.1093,0.0,0.0
zero,773955,97,2.301320769597062,0.11298,2.301762646588696,0.1093,0.0,0.0
zero,773955,98,2.3012848023813355,0.11298,2.301971568804436,0.1093,0.0,0.0
zero,773955,99,2.3013263300672535,0.11298,2.3017776761597366,0.1093,0.0,0.0
zero,773955,100,2.3012582028040263,0.11298,2.301767774436113,0.1093,0.0,0.0
small,654571,1,0.8449972835041906,0.77042,0.38436853639459106,0.8892,0.0013019662780714514,0.011459503934835927
small,654571,2,0.3346232477635552,0.9046,0.31062578810357766,0.9067,0.0014840297248458459,0.010152916832452964
small,654571,3,0.2808923633018693,0.92006,0.264507783503996,0.925,0.0014843682324182906,0.008919490647275997
small,654571,4,0.24333098212667076,0.9316,0.23361795637248112,0.9325,0.001470939553073987,0.008164850593003136
small,654571,5,0.21531605231285247,0.93986,0.2066099113763004,0.9405,0.0014328612332998056,0.007512295107093021
small,654571,6,0.19393331187991344,0.94584,0.18666271395572182,0.9463,0.001398777887962711,0.007065256345722288
small,654571,7,0.17660543301985632,0.94988,0.17804857542089633,0.9497,0.0013847887260828758,0.006752811307572668
small,654571,8,0.16216144246267244,0.95466,0.17136749887990002,0.9498,0.001360249037361174,0.006457300021058545
small,654571,9,0.1499693771007921,0.95812,0.15680049564904144,0.9553,0.0013471749954943992,0.006283601817641322
small,654571,10,0.1386814437516343,0.96054,0.14445187104601345,0.9579,0.0013186167077924211,0.006034963417147054
small,654571,11,0.12839549321920252,0.9647,0.14109303297902945,0.9594,0.0012988731106404995,0.005886307927647255
small,654571,12,0.11924316729667622,0.96676,0.1312244892392059,0.9624,0.0012654421607929387,0.005602011714466645
small,654571,13,0.11151553214815992,0.96958,0.12609061564123997,0.9634,0.0012658239458763637,0.005551427750896928
small,654571,14,0.10431540463786461,0.9708,0.12158920776502255,0.9653,0.0012444716060365623,0.005364676734256812
small,654571,15,0.09766444190273255,0.97268,0.11573885498168646,0.9668,0.0012193645684106561,0.0051812457806708545
small,654571,16,0.09202564266716931,0.97444,0.11404057266316843,0.9677,0.0012123856517597229,0.0050759626708676885
small,654571,17,0.08662454079926875,0.9765,0.10796106025326482,0.9685,0.0011873089706728917,0.004977565231204722
small,654571,18,0.08155241682913812,0.978,0.10376284493447022,0.9696,0.001165651047905465,0.0047884218710831025
small,654571,19,0.0770324482775352,0.9791,0.10204871589773666,0.9708,0.00114987508606154,0.004674496966496242
small,654571,20,0.07298752636713354,0.98032,0.09698920291044082,0.9715,0.0011407565675796453,0.00461529726298647
small,654571,21,0.06946827577957917,0.98104,0.09671817293234941,0.9706,0.0011226384183240124,0.0045401599560502435
small,654571,22,0.06569485150382835,0.98212,0.09572872179564688,0.9721,0.0010997861641757498,0.00438270581056087
small,654571,23,0.06265956597236626,0.98288,0.09306335572146766,0.9723,0.0010896534320196639,0.004347855552820358
small,654571,24,0.059603549921734146,0.98428,0.09137761572551244,0.9729,0.00107601731037636,0.0042551466588172885
small,654571,25,0.056662523716012485,0.98508,0.08947479391057642,0.9725,0.0010637055573153463,0.004165857849088151
small,654571,26,0.054211988935939835,0.98568,0.08754940693061139,0.9736,0.0010397325692231155,0.004049691947670032
small,654571,27,0.051736315104834445,0.9867,0.08645313405506101,0.9728,0.0010208265238260481,0.003966284605918748
small,654571,28,0.04939945652630473,0.98708,0.08961538812748017,0.9727,0.0010098838409759755,0.0038948567550061296
small,654571,29,0.0473366474511844,0.98802,0.08447957927610306,0.9737,0.0009971803343592875,0.0038234487757777625
small,654571,30,0.04516064840738867,0.98838,0.08260610942908062,0.9748,0.0009769223449401455,0.0037281923347722936
small,654571,31,0.04337705443172589,0.98952,0.08115896664586682,0.9758,0.0009590711034446022,0.003659176184079914
small,654571,32,0.041447332281494866,0.98944,0.0812256446552806,0.9757,0.0009465718234160088,0.00357411316982991
small,654571,33,0.039850503199368476,0.99024,0.08009154059278242,0.9758,0.0009419278311484797,0.0035371086512933567
small,654571,34,0.03805704252782812,0.99084,0.07846183256700168,0.9763,0.0009111151391224721,0.0033938600917911613
small,654571,35,0.03679589567778403,0.9914,0.07785204570620063,0.9757,0.0009059478894843664,0.0033988545578796363
small,654571,36,0.035173250541038086,0.9917,0.07922700655919913,0.9756,0.0008892564557940345,0.0033281035377211252
small,654571,37,0.03372772808539674,0.99226,0.0775585940222946,0.9762,0.0008708422109238514,0.003213129438562803
small,654571,38,0.03250367836374921,0.9926,0.07995328987152164,0.9747,0.0008583844199190237,0.0031948451675067177
small,654571,39,0.031362082801888055,0.99278,0.07599750544478437,0.9761,0.0008485136688266301,0.0031341603874300164
small,654571,40,0.030029910523789203,0.9937,0.07513541681968415,0.9768,0.0008282037839160975,0.003056239774225612
small,654571,41,0.028952871417161494,0.99374,0.07508163338498117,0.9775,0.0008149668068483276,0.0029953036391068737
small,654571,42,0.027915510847426307,0.9939,0.07523102135461533,0.9768,0.0008064924194750307,0.0029661356686383014
small,654571,43,0.02685681359320376,0.99432,0.07535546905700076,0.9767,0.0007839724588586738,0.0028627750493142572
small,654571,44,0.02589660757330259,0.9948,0.07613681770174752,0.9774,0.0007649921678509412,0.0027807791700067137
small,654571,45,0.02481807660818374,0.99508,0.07361514707845225,0.9769,0.0007612163463448854,0.0027465721410420197
small,654571,46,0.024052568113957222,0.99534,0.07465709645182296,0.9776,0.0007500804509523472,0.0027203002779760494
small,654571,47,0.02329279660899442,0.99558,0.07445014255988185,0.9779,0.0007377517460600958,0.002679445112101746
small,654571,48,0.022427295520785564,0.996,0.07340647856139693,0.9781,0.0007197096422793421,0.0025862600465095626
small,654571,49,0.02166813297596986,0.9963,0.07484902660006834,0.9771,0.0007084561490099858,0.002567472976074151
small,654571,50,0.020949372444614128,0.99644,0.07476008751577387,0.978,0.0006982121935827552,0.0025122958753582276
small,654571,51,0.020287960261104777,0.9967,0.07302764851722703,0.9786,0.0006842535419295432,0.002452804382922813
small,654571,52,0.01943449126228228,0.99706,0.07319019452021203,0.9781,0.0006713521440005013,0.0023877877427230907
small,654571,53,0.01888963200890745,0.99708,0.07266538725492164,0.979,0.0006597427357984478,0.0023605478051045787
small,654571,54,0.01815093356918456,0.9975,0.07243924476081752,0.9785,0.0006407219207104961,0.0022644594451885556
small,654571,55,0.017679875183193777,0.99752,0.07159724786384886,0.9782,0.0006360232724275914,0.0022742812819849505
small,654571,56,0.016950320440840362,0.99788,0.07345832075608401,0.9791,0.0006149276322826691,0.0021965206625484904
small,654571,57,0.016524903806857075,0.99784,0.0723998082486656,0.9789,0.0006092904501045841,0.0021673299351568647
small,654571,58,0.015993955231826017,0.99804,0.07283635989680248,0.9793,0.0006000137890040139,0.002130541580918853
small,654571,59,0.01557267345783403,0.99814,0.07182576163269769,0.9791,0.0005937723804121445,0.002101396268937574
small,654571,60,0.015030673856397848,0.9982,0.07234682684264385,0.9792,0.0005789713260780148,0.0020376252008120943
small,654571,61,0.014521360879522263,0.99852,0.07267532930337076,0.9787,0.0005618786795351537,0.0019791446434227014
small,654571,62,0.014171932870890823,0.9984,0.07297321383448112,0.9792,0.0005521861672790986,0.0019492502307979298
small,654571,63,0.013760038062821186,0.99836,0.07259098797907358,0.9783,0.000546011570829537,0.0019216051235296677
small,654571,64,0.013282781697792859,0.99858,0.07191792531119484,0.9787,0.000539421418263972,0.001888169111702508
small,654571,65,0.01296253630278248,0.99866,0.07216498456013096,0.9783,0.0005280155906401893,0.0018597305434563326
small,654571,66,0.012482108757761682,0.99876,0.07264732840176036,0.9789,0.0005189550917096685,0.0018253584093854901
small,654571,67,0.012139695049255154,0.99886,0.07292423566160088,0.9785,0.0005048470491073047,0.001774371337423499
small,654571,68,0.011791775289607044,0.99898,0.0730517328982921,0.978,0.0004913575297949056,0.0017229369885815062
small,654571,69,0.011507196164006727,0.99912,0.07263823400629478,0.9787,0.0004883857059865326,0.001707618423043897
small,654571,70,0.011162433578281969,0.9991,0.0734723226313655,0.9795,0.0004765014004685042,0.0016713716214694669
small,654571,71,0.010841683170683057,0.99918,0.07318365491865562,0.9791,0.00047453889300245463,0.001655168851917804
small,654571,72,0.010659458151037153,0.99924,0.0726931268317808,0.9791,0.00046819319572439247,0.0016223812260639443
small,654571,73,0.010300204367299821,0.99918,0.07177027890998497,0.9796,0.0004503187217650944,0.001583342855004817
small,654571,74,0.009984520284295537,0.99936,0.07196594482358445,0.9792,0.0004434464865228496,0.0015459512350130414
small,654571,75,0.0097408434623639,0.9993,0.07256912987299043,0.98,0.0004369683492625502,0.001518076263508506
small,654571,76,0.009475786674425469,0.9994,0.07315158432287092,0.9791,0.00043361705634750855,0.0014977205806056563
small,654571,77,0.009205449044189401,0.99948,0.07323794792221278,0.979,0.00041549694529082967,0.0014342796108600302
small,654571,78,0.008959401058636596,0.99946,0.07285414415683204,0.9787,0.0004128734575102652,0.0014253628143985149
small,654571,79,0.008756711767999971,0.99952,0.07339774087220828,0.9793,0.00040380004202418096,0.0013883188171561296
small,654571,80,0.008588545977288628,0.99954,0.07296881974228228,0.9785,0.00040285963930184143,0.001393430100569746
small,654571,81,0.00836209420377292,0.99948,0.07328779420861635,0.9796,0.00039376569649948306,0.0013675789982295755
small,654571,82,0.008146613088532376,0.99952,0.0731662127386338,0.9794,0.0003847003853989129,0.001332800815102276
small,654571,83,0.007939656811564982,0.99954,0.07377937570323255,0.979,0.00037517053364389023,0.001292383206465459
small,654571,84,0.007808556752834961,0.99962,0.07292961973249094,0.9789,0.00037282454501784705,0.0012839034630106607
small,654571,85,0.007587805766418978,0.99966,0.07287683650838668,0.979,0.0003626883620114595,0.0012440512425342571
small,654571,86,0.007389287924779684,0.9997,0.07370353353776363,0.9792,0.0003549902811720729,0.001225402026553248
small,654571,87,0.007215475210357409,0.99966,0.07438510532883255,0.979,0.0003516426066468636,0.0012156994395252584
small,654571,88,0.0070670514728285285,0.99976,0.07353026025181486,0.9791,0.00034370444538907313,0.001182494136976853
small,654571,89,0.006893323218203685,0.9997,0.07533867870108989,0.9796,0.00033959599885335494,0.0011653130476096641
small,654571,90,0.006817209365669813,0.99974,0.07341383872966539,0.9796,0.00033726357126414805,0.0011568662721344993
small,654571,91,0.00659043626949997,0.99972,0.07415493318350608,0.9793,0.0003245112406174321,0.0011045832621976973
small,654571,92,0.006509214156718714,0.9998,0.0745271682666559,0.9797,0.00032702309852696574,0.0011185278596448373
small,654571,93,0.006312535344818897,0.99978,0.07383388973427708,0.9796,0.0003134030314363065,0.0010737165448227507
small,654571,94,0.006236614667478033,0.99976,0.0741493221795712,0.9794,0.0003149729398302398,0.0010731505982039726
small,654571,95,0.006069015055265072,0.99984,0.07522190969537976,0.9788,0.0003061127478822695,0.0010425810887299686
small,654571,96,0.005952366370951113,0.9998,0.07445231252950106,0.9791,0.00030180495355276,0.0010326073229274672
small,654571,97,0.0058479039085743,0.9998,0.07402861205142892,0.9796,0.0003002163430527723,0.0010305182078921618
small,654571,98,0.005750306799146825,0.9998,0.07381732815509635,0.9793,0.00029383365155968643,0.0010022722358194107
small,654571,99,0.005617856501734996,0.99984,0.07468252396107418,0.9794,0.0002882748040542484,0.0009775303354292413
small,654571,100,0.005512646906223869,0.99988,0.07506565636790104,0.9794,0.0002857932418962305,0.0009733126785543117
small,89250,1,0.8489915399479467,0.78226,0.37272591618681156,0.8925,0.0013107305261459343,0.011405355742305048
small,89250,2,0.3335391262431221,0.90432,0.2934831743903742,0.9148,0.001498599688521982,0.010067516316353806
small,89250,3,0.2768463704413384,0.92128,0.2518761351429784,0.9278,0.0014757657990647148,0.008493372122609278
small,89250,4,0.2397660931937538,0.93252,0.2290984626053274,0.933,0.0014545328300098717,0.007873956098942906
small,89250,5,0.21085209122183365,0.94066,0.20410732601446863,0.9413,0.0014227011438415166,0.007223506598925755
small,89250,6,0.1880360844602972,0.94758,0.18425788096964446,0.9473,0.0013602442649723052,0.006674557415477454
small,89250,7,0.16953740144243903,0.9525,0.16828755415292454,0.9518,0.0013586453431851384,0.006482962396984596
small,89250,8,0.1540941083746412,0.95728,0.15755781423121532,0.9539,0.001334023190767866,0.006282192123998631
small,89250,9,0.14047155622150423,0.9606,0.14868169876144874,0.9558,0.0012913852865074603,0.005909601698797598
small,89250,10,0.1294981283772953,0.9642,0.1397979103819253,0.9596,0.0012856825326320403,0.0058860024090460535
small,89250,11,0.11962622641689462,0.96726,0.12977363613058557,0.9613,0.0012622428820434702,0.005708490839684941
small,89250,12,0.11097595986661934,0.96972,0.12568105257183795,0.9617,0.0012315229086913696,0.005415746981972472
small,89250,13,0.10372916367684974,0.97124,0.11942438097389844,0.9638,0.0012212133988460736,0.005393159921287594
small,89250,14,0.09705914578089671,0.97306,0.11258346815894085,0.9662,0.001221202887475074,0.005323589346974626
small,89250,15,0.09101709666879118,0.97554,0.11060457330201477,0.9671,0.0011925412576012135,0.0051515845736112165
small,89250,16,0.08582009465538444,0.97688,0.10546760447498223,0.9669,0.0011734052895483653,0.005021595259004771
small,89250,17,0.08079129295140403,0.9781,0.10191222166136472,0.9687,0.0011573699963584214,0.004860343616114372
small,89250,18,0.07658521626822624,0.9794,0.09936632152679349,0.9693,0.0011388900734590974,0.0048236506469762
small,89250,19,0.07241221067603425,0.98012,0.09613044509129799,0.9707,0.0011323750593298092,0.004755452590185316
small,89250,20,0.06924401523479176,0.98116,0.09579420812532423,0.9707,0.0011157784058442631,0.004662864712088024
small,89250,21,0.065855493007665,0.9827,0.09329752912479451,0.9714,0.001101867158276576,0.004550310404857259
small,89250,22,0.06258481206830896,0.98306,0.09061555467426849,0.9728,0.0010876123752547576,0.004499015269442882
small,89250,23,0.05947863209732698,0.98412,0.08938426504723831,0.9739,0.0010654878300129628,0.00435271653290483
small,89250,24,0.05666304958193016,0.98522,0.09101494378186172,0.9712,0.0010509665845633632,0.0042843191467223495
small,89250,25,0.05455417298039504,0.98562,0.08666971297558587,0.9743,0.001050962601295574,0.004275960386720564
small,89250,26,0.052184621290110346,0.98644,0.08785265664396082,0.9725,0.0010366576507627057,0.004168099225797688
small,89250,27,0.049892758390311126,0.98702,0.08641729622847914,0.9727,0.0010271069722900363,0.004141727167184333
small,89250,28,0.047465158897534304,0.98806,0.08307927000411312,0.9746,0.0009952401499746882,0.003984924160959797
small,89250,29,0.04582167866384659,0.98854,0.08457451995112573,0.9723,0.0009897400136216264,0.003916465435257634
small,89250,30,0.044070559523316094,0.98902,0.08308679617242558,0.9744,0.0009821457726591867,0.003896295353480219
small,89250,31,0.042178690181177605,0.98976,0.08714915267469203,0.9726,0.0009660571064303324,0.0038141619050960744
small,89250,32,0.04053346210603922,0.99012,0.08120729138744709,0.9749,0.0009509656284602642,0.0037445426037421804
small,89250,33,0.03897147319608309,0.99066,0.0821801668051557,0.9748,0.0009390899897242936,0.003662280984675333
small,89250,34,0.037258792633517245,0.99124,0.08141353658233393,0.9751,0.00091713063490213,0.0035309324648056
small,89250,35,0.03618881188983376,0.99144,0.07972228820106834,0.9749,0.0009207711489580899,0.003558631142806846
small,89250,36,0.03480731668927832,0.99164,0.07887939847660501,0.9749,0.0009004246869466187,0.0034710932637583235
small,89250,37,0.03328938365919715,0.99222,0.07931560170553559,0.9764,0.0008779185973933441,0.003380550464118099
small,89250,38,0.03237832285299575,0.99238,0.07866221878087067,0.9754,0.0008816267959826903,0.003382856925973939
small,89250,39,0.03105881485810975,0.99308,0.07735068987323038,0.9761,0.0008539828183029211,0.003275615603779293
small,89250,40,0.02993254485525676,0.99352,0.07893326931170033,0.9769,0.0008515438190299052,0.0032509129785709516
small,89250,41,0.028720477628042935,0.99362,0.0772716531890331,0.9771,0.0008229513548761777,0.0031288900736970923
small,89250,42,0.027647034289899303,0.99402,0.07917610246178138,0.9765,0.000824324601542747,0.00311793703617487
small,89250,43,0.026826230063261628,0.9943,0.07640075753669942,0.9757,0.0008146208253843534,0.0030581181029793007
small,89250,44,0.025856271846303243,0.9945,0.07655888242793167,0.9767,0.0007996192801072213,0.0030123808943638528
small,89250,45,0.024835016899750696,0.99526,0.07870605442318905,0.9773,0.0007735975781968709,0.0028914188039970454
small,89250,46,0.024017708012389134,0.9953,0.07742076373958408,0.9764,0.0007656064609507581,0.002864170950728818
small,89250,47,0.0232392653484673,0.99568,0.07867106578333495,0.976,0.0007504519618322606,0.0028226700160583385
small,89250,48,0.02264273787669109,0.99566,0.07645766876136426,0.9768,0.000747493536187698,0.0027929371671439975
small,89250,49,0.021759516540801365,0.99624,0.07613599439597232,0.9767,0.0007303992412934509,0.0027279186694901827
small,89250,50,0.021104786307091887,0.99634,0.07719639115937581,0.9779,0.0007186935637746379,0.0026637014974274457
small,89250,51,0.020331423867614995,0.99656,0.07746305029383949,0.978,0.0007022482270876597,0.0025953827726707796
small,89250,52,0.01972088691233718,0.9967,0.07617528922299208,0.978,0.0007005715227144119,0.0026021979845532667
small,89250,53,0.018887689307573775,0.99686,0.0769315881397986,0.9773,0.0006714490612826352,0.0024631589286912285
small,89250,54,0.018339275292305567,0.99716,0.07618062741223947,0.9779,0.0006537947953388317,0.0024108052995761536
small,89250,55,0.017791567900385795,0.99734,0.07648396374045902,0.9777,0.0006467144606007255,0.002364463635709913
small,89250,56,0.017139101671208874,0.99764,0.07656816823093665,0.9778,0.0006381646941570634,0.0023377679913668924
small,89250,57,0.016703205348509602,0.99756,0.07541149327740723,0.9773,0.0006397100218894278,0.0023523703191676328
small,89250,58,0.016146236307501557,0.9979,0.07589957995733991,0.9773,0.0006119228132344646,0.002235816703531738
small,89250,59,0.015584529999402921,0.99794,0.07601472620970402,0.9773,0.0006042706380598544,0.0022021632135724423
small,89250,60,0.015146968784663425,0.99814,0.07526124566245719,0.9783,0.0005845520017168606,0.0021243369707428486
small,89250,61,0.014714924228216164,0.9982,0.07525983299166558,0.9777,0.0005806352068687235,0.0021099671684060807
small,89250,62,0.014356673391293285,0.99838,0.07438624567538295,0.9778,0.0005816236171383948,0.00212803141043323
small,89250,63,0.013868625236878427,0.99832,0.07580107851736481,0.9781,0.0005664179649969402,0.002055139096146167
small,89250,64,0.013452558203647368,0.99856,0.07650563723009542,0.9783,0.000540568463580047,0.001944888078857284
small,89250,65,0.013123930513273705,0.9985,0.07565965615864169,0.9785,0.000542125599711772,0.0019571281797469897
small,89250,66,0.012689763077751628,0.99882,0.07597016109678568,0.9786,0.0005284514983236295,0.001906688823490372
small,89250,67,0.012297580874472499,0.9988,0.07720086919409297,0.9779,0.0005135012910382941,0.0018602053953230412
small,89250,68,0.011930398519204065,0.999,0.07593618481695892,0.9795,0.0005015252947357124,0.0018055372480141716
small,89250,69,0.011695168991152985,0.99894,0.07749214929507348,0.9777,0.0005038586386833407,0.001829513155900471
small,89250,70,0.011285079798179876,0.99902,0.07840383123769522,0.9774,0.0004947758710377429,0.0017856046932694168
small,89250,71,0.011018440826671118,0.99916,0.07624385049719551,0.9782,0.0004840852757070136,0.0017310517797281815
small,89250,72,0.010690303996625062,0.99918,0.07744678190775613,0.9781,0.00047161884655592907,0.001694935568683059
small,89250,73,0.010397022101476127,0.99922,0.07688348865238523,0.9783,0.0004643535622128407,0.0016589941601273
small,89250,74,0.010226768894200289,0.99922,0.07671277917711487,0.9781,0.0004631714639387621,0.001668580371368688
small,89250,75,0.009852720969800574,0.99922,0.07782686892211055,0.9781,0.0004419882745141693,0.001580261245175885
small,89250,76,0.009594586572260614,0.99932,0.07747389325953423,0.9779,0.0004346083052796804,0.00154051974755812
small,89250,77,0.009465283611846365,0.99928,0.0772187974280699,0.9782,0.0004386153234126637,0.0015750875397702712
small,89250,78,0.009157830157022736,0.99944,0.07745436484970997,0.9788,0.00041996544262683217,0.0015023107514299894
small,89250,79,0.00895370148465154,0.99938,0.07772575850578273,0.978,0.00042064075111420237,0.0014966677026842284
small,89250,80,0.008717926673292695,0.99944,0.07803019055199605,0.9787,0.0004077389751425106,0.0014410270564036915
small,89250,81,0.008519799680033881,0.99946,0.07711227954153865,0.9786,0.00040348189685600485,0.001435487402442682
small,89250,82,0.00831480604103855,0.99954,0.07729188287463994,0.9787,0.00039503705817195927,0.001404881397099607
small,89250,83,0.008098808211811536,0.9995,0.07904928752016756,0.9793,0.0003882536669332887,0.0013881819695153092
small,89250,84,0.007973428215797993,0.99954,0.07858258779390938,0.9787,0.00038587656340716234,0.0013656442773750663
small,89250,85,0.007758633396681855,0.99956,0.07839218572111654,0.9784,0.0003676746293968621,0.0012922937851876715
small,89250,86,0.007599774253761514,0.9996,0.07862655657497797,0.9785,0.0003737549820645512,0.0013295377983814837
small,89250,87,0.007391161249426001,0.99958,0.08056986987261633,0.9778,0.0003684249309759321,0.0012950797885502025
small,89250,88,0.0072582784562156295,0.99968,0.079496965297002,0.9782,0.00035561938871536,0.0012548202974499204
small,89250,89,0.007101648577387494,0.99966,0.07882887126407608,0.9781,0.0003548157903155961,0.0012478696272667344
small,89250,90,0.006930267354765931,0.9997,0.07905439779050222,0.9787,0.0003496286347359199,0.001238650765858933
small,89250,91,0.006758407694866122,0.99966,0.07910739452156412,0.9787,0.0003350135823059204,0.0011840852790641811
small,89250,92,0.006611469785499686,0.99972,0.07829457864410796,0.9788,0.00033264988953099625,0.001162741508865782
small,89250,93,0.00647328166390764,0.99968,0.07921978217286522,0.9794,0.0003302337981195046,0.001160887227172436
small,89250,94,0.0063603574661790716,0.99974,0.07872310867888845,0.9794,0.000324479029787138,0.0011338561070134917
small,89250,95,0.00622169852162834,0.99976,0.07983855382631527,0.9789,0.0003170027502063242,0.001115687104320136
small,89250,96,0.006095204382914448,0.99976,0.08022544122134367,0.9782,0.00031138078948529343,0.0010848212715956608
small,89250,97,0.006011846654118245,0.99978,0.07905431081769547,0.979,0.00031224069977897693,0.0010938950854899614
small,89250,98,0.00582080995405109,0.99986,0.07983516274722709,0.9787,0.0002995554904289005,0.0010433701948455445
small,89250,99,0.005764569358053137,0.9998,0.08008156057797626,0.9786,0.0003007706012916907,0.0010496918354607604
small,89250,100,0.005628023976191273,0.99982,0.08042245737767167,0.9787,0.0002930459085355491,0.0010265868415318417
small,773955,1,0.8415264246888604,0.78244,0.3751575621287497,0.8954,0.0013479020862163739,0.01178228326061152
small,773955,2,0.33253277021981137,0.90474,0.30324925179789236,0.9115,0.0014838016540177515,0.009954448652783485
small,773955,3,0.28087954681080524,0.91964,0.2734741963293925,0.9178,0.0015036980334215274,0.00886067976653854
small,773955,4,0.2434466642207618,0.93106,0.2333541696033495,0.9339,0.001451755947529555,0.007859536409853752
small,773955,5,0.21401669225468667,0.9399,0.2020354840245889,0.9422,0.0014243760014404625,0.007167242294810612
small,773955,6,0.19023185005410856,0.94662,0.184459913716571,0.9478,0.001381944502335612,0.006734550305542052
small,773955,7,0.1703853415537127,0.95196,0.17204349938928765,0.9511,0.0013534110216052457,0.006397346950972901
small,773955,8,0.15446083108587175,0.95648,0.15797038409393094,0.9542,0.0013317726171395495,0.006168752405171919
small,773955,9,0.14085529927922294,0.96056,0.148357139612768,0.9576,0.0013149184766314537,0.006016622379861387
small,773955,10,0.1292144804968453,0.96396,0.14266078176447278,0.9605,0.0012776695685077788,0.005714172161329847
small,773955,11,0.11950156533966745,0.96676,0.13103936305215083,0.9625,0.0012507473551533158,0.0054987235390328475
small,773955,12,0.11065952203490519,0.96918,0.1250475648059146,0.9648,0.0012310856310764073,0.005370777377330439
small,773955,13,0.10281752808295282,0.97118,0.11951801723707192,0.9662,0.0012066716794836762,0.005195051852751053
small,773955,14,0.09643370031458966,0.97308,0.11275646137006132,0.9665,0.0011881732205153632,0.005070476475150488
small,773955,15,0.09044611729157442,0.97544,0.10809507793168018,0.9686,0.0011771729651565198,0.0049850261391031015
small,773955,16,0.0853149216985375,0.97682,0.10633067875992099,0.9692,0.0011624618762680742,0.004869074860798135
small,773955,17,0.08042171410133288,0.97796,0.10290187106041353,0.9698,0.0011435799534877254,0.004776555130869885
small,773955,18,0.07620054148090379,0.97968,0.10117106836893491,0.9711,0.0011334609018092184,0.004708232943166134
small,773955,19,0.07230612484187253,0.98026,0.09765984592029538,0.971,0.0011308182173739077,0.004749424488796666
small,773955,20,0.0682889407291378,0.9814,0.09289422346034436,0.9717,0.0010784756616890566,0.004388172513490161
small,773955,21,0.06504627667134655,0.98232,0.09544333420925943,0.972,0.0010808161890682717,0.004421101740502069
small,773955,22,0.06195302692257529,0.98316,0.09118077866808995,0.972,0.0010611470494016637,0.004327581583846466
small,773955,23,0.059014238541968016,0.98442,0.08989743156133086,0.9738,0.0010454604423889,0.004254952441243585
small,773955,24,0.05668462863817852,0.98518,0.08906836654464688,0.9729,0.0010444323783394772,0.004229327652732109
small,773955,25,0.05424622132507375,0.98596,0.08676630869639135,0.9735,0.0010437511330889382,0.004192040213612457
small,773955,26,0.05181434339202342,0.98632,0.08517362576950138,0.9748,0.0010235187122218778,0.004106378514357706
small,773955,27,0.04957610957621277,0.98724,0.08380284557305899,0.9751,0.0010096603802388854,0.004027793815492757
small,773955,28,0.047481233198443676,0.9877,0.08225700583876416,0.9757,0.0009899982407399859,0.003954666333450301
small,773955,29,0.045541148575150334,0.98856,0.084083873586335,0.9748,0.0009677149587548755,0.0037825449710278763
small,773955,30,0.043587834582209516,0.9886,0.08501333605761036,0.9746,0.0009667955507072824,0.0038231416868778354
small,773955,31,0.04194251643281343,0.98918,0.08326217023745495,0.9754,0.0009555754514220952,0.0037868277992773244
small,773955,32,0.040499737472935456,0.98996,0.07975142917765685,0.9759,0.0009352950219651226,0.0036763155249781598
small,773955,33,0.03872515238735664,0.99078,0.07746323249875042,0.9762,0.0009170482930618616,0.003565564434789126
small,773955,34,0.03719349178769869,0.99084,0.08039116512373733,0.9753,0.0009044096372749155,0.0035328739541299454
small,773955,35,0.0359331367040213,0.9911,0.0767644622759298,0.9766,0.000903935346924704,0.003521784478385687
small,773955,36,0.034607664225340305,0.99162,0.07726434798391432,0.9775,0.000886584391737808,0.003452662884082428
small,773955,37,0.03331597813521131,0.9919,0.07770642727669429,0.976,0.0008668508713916322,0.0033442026246234004
small,773955,38,0.031986313558037376,0.99262,0.07636967275211765,0.9772,0.0008505518765309644,0.003294196826489401
small,773955,39,0.030961449951070166,0.99252,0.0757563407784756,0.9765,0.0008367165580088612,0.003216296467597361
small,773955,40,0.029783412436886557,0.99338,0.07822697698049447,0.9761,0.0008246722218538808,0.0031605334123293648
small,773955,41,0.028576142206296753,0.99362,0.07709923692718347,0.9772,0.0007995917222971439,0.003041289747862459
small,773955,42,0.027697932159143426,0.99402,0.0759825917418591,0.9767,0.0007904048145210247,0.0030222976552363072
small,773955,43,0.026656564900513626,0.99444,0.07438950204360076,0.9777,0.0007784781668781874,0.002966527466708747
small,773955,44,0.025694569784215988,0.99466,0.07412852897163477,0.9774,0.0007706131616212712,0.0029188830986076582
small,773955,45,0.02503424744127744,0.99486,0.07527467434480833,0.9778,0.0007686658842863453,0.002929207056563645
small,773955,46,0.023958452406899464,0.99522,0.07494823358848746,0.9784,0.0007483354287719072,0.002822007699544161
small,773955,47,0.023370898169200013,0.9953,0.0743033565929806,0.9768,0.0007373884827247145,0.002789434300443252
small,773955,48,0.022348362931615465,0.99598,0.07384146603333289,0.9775,0.0007061267995674986,0.0026587381187921336
small,773955,49,0.021692665783873973,0.9958,0.07465120965960098,0.9771,0.0007035896996908511,0.002626225200883176
small,773955,50,0.02097899763835017,0.99634,0.07389355186750093,0.978,0.000688720217630524,0.002592684988057736
small,773955,51,0.020398246048839434,0.9963,0.07416984945034329,0.9775,0.0006894756001834423,0.002584386120792053
small,773955,52,0.019688651562843645,0.99672,0.07450706723113719,0.9775,0.0006675236239611186,0.00246916703521319
small,773955,53,0.019166155709871992,0.99674,0.07464107541064124,0.9774,0.0006653475535117743,0.0024851315345296534
small,773955,54,0.01844033145367085,0.99712,0.07365049198151472,0.9775,0.000645176168862124,0.0023904696272410548
small,773955,55,0.017864908756386008,0.99718,0.0759505376431574,0.9776,0.0006350704840400598,0.0023638572541505097
small,773955,56,0.01728926569365243,0.9973,0.07422675878139436,0.9774,0.0006230502888807899,0.002304249347852424
small,773955,57,0.01692500699285247,0.99748,0.07458154619773591,0.9776,0.0006321391286299641,0.002340079539799394
small,773955,58,0.016235661977783065,0.99772,0.07305880285239406,0.9777,0.0005922909488694806,0.0021866464872314266
small,773955,59,0.015756297098303552,0.99804,0.07334694630156319,0.9774,0.0005903779717656697,0.0021670855910537793
small,773955,60,0.015364581530742712,0.99784,0.07465856352336782,0.9785,0.0005837367411048792,0.0021588917408570233
small,773955,61,0.014969227042159763,0.99814,0.07391780511788792,0.978,0.0005790789815469681,0.0021295552470287867
small,773955,62,0.01455587823953073,0.99822,0.07303035538363983,0.9774,0.0005702349982545002,0.0020815960101461272
small,773955,63,0.014019234454527626,0.99838,0.0741859069714905,0.9782,0.0005554472040462864,0.002032414602542385
small,773955,64,0.013699640482286682,0.9985,0.07451533217434295,0.9777,0.0005379096721238723,0.0019707325248254754
small,773955,65,0.013256058052819453,0.99866,0.07558849830315077,0.9775,0.0005297390100781336,0.0019271693936890497
small,773955,66,0.01300884312278012,0.99876,0.07496006224664811,0.9777,0.0005262039662499136,0.0019155540759002213
small,773955,67,0.012582521878557655,0.99872,0.07406402805387066,0.9783,0.0005203874075786779,0.0018997053299751095
small,773955,68,0.012245964012434002,0.9987,0.07407110900984265,0.9779,0.0005067886298472307,0.001854355064084332
small,773955,69,0.01194426842451971,0.99894,0.07466736226013125,0.977,0.0004980663688838306,0.0018125293008926506
small,773955,70,0.01162905694844192,0.99898,0.07416990090510378,0.9777,0.00048767519044037134,0.0017717160956592349
small,773955,71,0.011343138006450693,0.99892,0.074858652619209,0.9774,0.0004833397271202924,0.0017646071580485825
small,773955,72,0.010990244204726145,0.99898,0.07452653869372583,0.9786,0.000470362397842234,0.0017022055598933323
small,773955,73,0.010679078496737977,0.99918,0.07466071414090865,0.9778,0.00045958965657824283,0.0016541726511351777
small,773955,74,0.01037249679504924,0.99912,0.07458397292311424,0.9779,0.00045305292826585477,0.0016467702106650395
small,773955,75,0.010173750904046179,0.9991,0.07504657325825391,0.9772,0.00044542559937759844,0.0016062030869062045
small,773955,76,0.009925157976369323,0.99926,0.07355158137935253,0.9786,0.00043498763128684513,0.0015713810748859951
small,773955,77,0.009715852694611844,0.99924,0.07578555398090399,0.9781,0.0004360685883219547,0.0015750644017949636
small,773955,78,0.00941612745820677,0.99932,0.07533562811810765,0.9775,0.00041488430892281335,0.0014918564491854802
small,773955,79,0.009215065961822526,0.9994,0.07543514445690128,0.9784,0.00041905801359860335,0.001502971727607212
small,773955,80,0.009028094522677929,0.99932,0.07426904102298583,0.9789,0.0004151413520668194,0.0014810357542688513
small,773955,81,0.008787906336656695,0.99948,0.0752201299225333,0.9782,0.0004015850138327359,0.0014407066009090048
small,773955,82,0.008687126455456447,0.99946,0.07443158718055462,0.9781,0.0004035846351590592,0.0014531730474691825
small,773955,83,0.008420066033837588,0.99954,0.07518499526222663,0.9782,0.0003953678071807536,0.0014197801668215577
small,773955,84,0.008218895003512595,0.99956,0.0762907358644587,0.978,0.0003887237194958122,0.001395230879461721
small,773955,85,0.008020216579353161,0.99954,0.075181840703729,0.978,0.0003818712493301159,0.001364218396301532
small,773955,86,0.007822465355743989,0.99954,0.07583664763647668,0.9781,0.00037297028801356116,0.0013389903316592497
small,773955,87,0.007666442327584274,0.99956,0.07666514625886095,0.9785,0.00036747674277010843,0.0013149633017539913
small,773955,88,0.007467624344389886,0.99954,0.07594435003920254,0.978,0.00036420923707273004,0.001307265120481097
small,773955,89,0.00732015346374658,0.99968,0.07643642604279716,0.9781,0.0003589244237439594,0.0012743951404436975
small,773955,90,0.007145864783838395,0.99968,0.07643279565969598,0.9781,0.00034575968965426567,0.001232293919336016
small,773955,91,0.007025908973797467,0.99964,0.07704826519112776,0.9782,0.0003475911851685198,0.0012368636394118051
small,773955,92,0.006852150231283955,0.99968,0.07621998308628997,0.9779,0.0003377280209399767,0.0011960137814973628
small,773955,93,0.006731357889250198,0.99968,0.07695630862469094,0.9775,0.00033622090081312193,0.001191759748361404
small,773955,94,0.006602243471364182,0.9997,0.07662557646424686,0.9778,0.00033187997683580646,0.0011768857660710652
small,773955,95,0.0064418534729252155,0.9997,0.0764702208212877,0.9783,0.0003266650684569745,0.0011635381586168132
small,773955,96,0.0063153820291510145,0.99976,0.07677795583653607,0.9781,0.00032088778243552306,0.0011346870144825778
small,773955,97,0.006156409225998724,0.99978,0.0770676879332655,0.9775,0.0003096961759532424,0.0010926419416392844
small,773955,98,0.006043251457002794,0.9998,0.0775784516497583,0.9783,0.0003096682152911721,0.0010949135980422998
small,773955,99,0.0059357109063450705,0.99984,0.07726876066364392,0.9779,0.00030347110392870183,0.0010707727049017244
small,773955,100,0.005817619477154203,0.99982,0.07739398352710858,0.9776,0.00029871473627051976,0.0010534432424487113
xavier,654571,1,0.5483965163021531,0.85932,0.3480338447342493,0.8981,0.0017423340086864152,0.011568884305753601
xavier,654571,2,0.29879941055209985,0.916,0.2768045824407097,0.9186,0.0015924359761497091,0.009983508526882621
xavier,654571,3,0.2506982130779039,0.92924,0.23641359748032495,0.932,0.0015459101845278261,0.008935284723121623
xavier,654571,4,0.21710809110420573,0.93912,0.21021360314103682,0.9403,0.0015139902494536205,0.00831276069584617
xavier,654571,5,0.19118489167581437,0.94598,0.1849966994325684,0.9463,0.0014574039155615525,0.007645310088134608
xavier,654571,6,0.1706771619760184,0.952,0.1669511037979911,0.9535,0.0014157338665588698,0.007176599555131381
xavier,654571,7,0.15370870114552024,0.95668,0.15812435132304883,0.9554,0.0013856938263532386,0.006827124492944893
xavier,654571,8,0.1397743733214788,0.9612,0.1534635353088727,0.9558,0.0013497437787712517,0.006481974034438636
xavier,654571,9,0.12825735723038398,0.96438,0.14020595945846825,0.9609,0.0013281327861901157,0.006261830343198751
xavier,654571,10,0.11806130712316368,0.96754,0.12808480005313583,0.9638,0.0012962920190688913,0.00596872619994151
xavier,654571,11,0.1089950389842478,0.97052,0.12439782687478898,0.9647,0.001274447446585005,0.005857003255022737
xavier,654571,12,0.10125295737734796,0.97216,0.11918263945655258,0.9664,0.0012424070497835055,0.0055993750782143865
xavier,654571,13,0.0945344984296446,0.97442,0.11287997056826789,0.9675,0.001230675042745859,0.005495125926200199
xavier,654571,14,0.08868870363305428,0.97574,0.10985562242936699,0.9688,0.0012167470040749895,0.005360486666479599
xavier,654571,15,0.08324885795295349,0.9771,0.10587808983420612,0.9714,0.0011949081554048443,0.005210413445078513
xavier,654571,16,0.07840729445114082,0.97916,0.10577721597674763,0.9708,0.0011798502430802164,0.005082552536405479
xavier,654571,17,0.07413574918772284,0.9802,0.10144506486482684,0.9714,0.0011607360804313544,0.004993430666254183
xavier,654571,18,0.06977402825603445,0.98152,0.09756239320883553,0.9726,0.001135372830527559,0.004827285758646685
xavier,654571,19,0.06621949653644948,0.98278,0.0964603192122307,0.9725,0.0011306802193905548,0.004768916215838096
xavier,654571,20,0.06285952468217781,0.98362,0.0932031396560018,0.9725,0.001118380956108809,0.004708705162441545
xavier,654571,21,0.05974969772834469,0.9843,0.09418759725058976,0.9723,0.001100571731898206,0.0046283993506413875
xavier,654571,22,0.05683328704019474,0.9849,0.0935143274797709,0.9724,0.0010775621457801456,0.004466621607884921
xavier,654571,23,0.05426687774955377,0.98638,0.09022686112598399,0.9732,0.001068854291078996,0.004434946525117934
xavier,654571,24,0.05170048839308333,0.9867,0.09024966177664823,0.9739,0.0010520676188972183,0.0043369756203955855
xavier,654571,25,0.049336473597974856,0.9879,0.08940306699379283,0.9745,0.0010365872990899484,0.004262000865641169
xavier,654571,26,0.04721843713453728,0.98828,0.08768846651536177,0.9744,0.0010210966875008193,0.004146448902224741
xavier,654571,27,0.04516777111019076,0.98862,0.08696396610650263,0.9747,0.0009985989138551184,0.004059645641902528
xavier,654571,28,0.04320438203022114,0.98958,0.09220872425151197,0.9724,0.0009902850972811391,0.0040005688793952904
xavier,654571,29,0.041475319120843505,0.99008,0.08635956698198409,0.9736,0.0009747668299365064,0.003930037458122234
xavier,654571,30,0.03961490890606195,0.99074,0.08420858704981957,0.9753,0.000952053925046153,0.0037998457153882235
xavier,654571,31,0.03808634470313346,0.99082,0.08339405998026252,0.9755,0.0009331071367680642,0.0037414462765947495
xavier,654571,32,0.03646388262470144,0.9913,0.08430643906939612,0.9746,0.0009292574695150687,0.003713567218624388
xavier,654571,33,0.03507632706395039,0.99174,0.08292356885696647,0.9758,0.0009225420915697196,0.0036483603488803506
xavier,654571,34,0.0334877617092316,0.99228,0.08241299514433137,0.9758,0.0008894842409398832,0.003491643903738265
xavier,654571,35,0.03242850216885973,0.99272,0.08085063880119675,0.9762,0.0008820550465362746,0.0034717250424822254
xavier,654571,36,0.03108204780761092,0.99308,0.08418280686014556,0.9755,0.0008690875828582294,0.0034001576030824685
xavier,654571,37,0.029748650677713404,0.99368,0.08182699480598457,0.9758,0.0008447076979639066,0.0032877695137041173
xavier,654571,38,0.028605564014794804,0.99394,0.0840319909031836,0.975,0.0008339677337970072,0.0032463248468373386
xavier,654571,39,0.027765482717796493,0.99394,0.08087413083818822,0.9769,0.0008301997390237227,0.0032274571492770733
xavier,654571,40,0.026607093092570908,0.99446,0.08141851820130501,0.9766,0.0008059689623482539,0.003120831176561909
xavier,654571,41,0.025529248822099348,0.99482,0.08092075125578153,0.9757,0.000794200735508179,0.0030533427897654654
xavier,654571,42,0.02478519792741753,0.99504,0.08154921664442091,0.9762,0.0007870020057796467,0.003052649942466347
xavier,654571,43,0.023759042545659834,0.99536,0.08158469166245425,0.9765,0.0007568125251803466,0.002891980132087318
xavier,654571,44,0.022860110249012966,0.99594,0.08292375206338229,0.9756,0.0007396399005007062,0.0028281156436357558
xavier,654571,45,0.021986369072080847,0.99632,0.08005243508767529,0.9764,0.0007326688326546543,0.002790619454992116
xavier,654571,46,0.02124031928872129,0.99614,0.08120340018553357,0.9772,0.0007259684309588949,0.0027654912535978113
xavier,654571,47,0.020570398586824967,0.9965,0.08060710560707196,0.9772,0.0007112425492807915,0.002710894760639694
xavier,654571,48,0.01999686621356828,0.9965,0.08018475175810888,0.9768,0.0007036623404061405,0.0026604245467821545
xavier,654571,49,0.01924273661216431,0.99684,0.08212628157247973,0.9761,0.0006861715402324105,0.002609129911109841
xavier,654571,50,0.018588719479970577,0.99738,0.08162794835163728,0.9763,0.0006664325227342948,0.002530577230136943
xavier,654571,51,0.018024525839058163,0.99738,0.08077005892856984,0.9773,0.000660656766518448,0.002489143641351139
xavier,654571,52,0.01728883550041305,0.99746,0.08079671549182584,0.977,0.000639999902337436,0.002397998527742765
xavier,654571,53,0.016746124784372297,0.99752,0.08072872602210845,0.9764,0.0006285129531283389,0.0023688548974435666
xavier,654571,54,0.016130577955626335,0.99778,0.08022515452117226,0.9773,0.0006138099575997281,0.0022870414422887972
xavier,654571,55,0.015722682959279734,0.9981,0.07969970068396474,0.9774,0.0006049573418028321,0.00227726042881346
xavier,654571,56,0.01506897948503418,0.99804,0.08189861727828687,0.9773,0.0005886167984618807,0.0021982069635493825
xavier,654571,57,0.014755838291149318,0.9982,0.0808482811440571,0.9773,0.0005835208114191722,0.0021674122349103196
xavier,654571,58,0.014228622235110941,0.99838,0.08130752300829407,0.9769,0.0005679527736846403,0.002114722618478345
xavier,654571,59,0.013913753630221555,0.99844,0.08048040743247284,0.9769,0.0005655168013435384,0.002110768713053899
xavier,654571,60,0.013362192451340996,0.99858,0.08067392874612779,0.977,0.000544950567553597,0.0020158193964333144
xavier,654571,61,0.012979897384772612,0.99866,0.08177849345401135,0.9771,0.0005285769087254998,0.0019468398729415453
xavier,654571,62,0.012603246706814205,0.99862,0.08223541512379658,0.9768,0.0005192201494287183,0.0019201549841474175
xavier,654571,63,0.012297101510622762,0.99878,0.08119397148677228,0.9764,0.0005201935430662135,0.0019058870305503604
xavier,654571,64,0.011864103302976632,0.9989,0.08139985408219211,0.9771,0.0005088242740840063,0.0018713232739559673
xavier,654571,65,0.011572281061990475,0.99904,0.08128619584525196,0.9775,0.0004996504436354804,0.001837745370271913
xavier,654571,66,0.011161002063735655,0.999,0.0821691369953781,0.9771,0.0004898257873100513,0.0018114209573154316
xavier,654571,67,0.010960021516069837,0.99908,0.08259334253907306,0.9768,0.000482271416880067,0.0017747152154302026
xavier,654571,68,0.01058610768376013,0.9991,0.08260228845481776,0.9762,0.0004657343960350815,0.0017172813658244547
xavier,654571,69,0.010343979217472508,0.99928,0.08227457798228693,0.9775,0.00046139223998402064,0.0016871369801335421
xavier,654571,70,0.010013800081601517,0.99914,0.08342961727598305,0.9773,0.0004472423759712207,0.001639345517674837
xavier,654571,71,0.009741636531050205,0.99934,0.08224824319198532,0.9775,0.00044349335333763475,0.0016159583316179128
xavier,654571,72,0.009609757608473988,0.99938,0.08225441108865272,0.9778,0.00044269151287572,0.0016197305076946342
xavier,654571,73,0.009308515563989189,0.99932,0.08185606719596226,0.9776,0.000426661821595488,0.0015686042718947304
xavier,654571,74,0.009011213864915997,0.99954,0.08223140237827771,0.9778,0.0004192260977645226,0.0015328906125230983
xavier,654571,75,0.008780362873406581,0.9994,0.08280567180196508,0.9764,0.0004097669699942193,0.0014899064672670753
xavier,654571,76,0.008554217830742774,0.99952,0.08325719008231178,0.9769,0.0004090542055877677,0.0014891389925341873
xavier,654571,77,0.008337363032465708,0.9996,0.08376462738321988,0.9772,0.0003921182983492526,0.0014145862088809189
xavier,654571,78,0.008143696937623037,0.9996,0.08369838943654363,0.9762,0.00038699554680960997,0.0014049682281303863
xavier,654571,79,0.007939057976942731,0.99958,0.08348835858890646,0.9775,0.0003809605485123777,0.001378330619623572
xavier,654571,80,0.007833844875657584,0.99964,0.08342105028547751,0.9765,0.0003842888229611386,0.0013980308371648355
xavier,654571,81,0.007584022591192886,0.99958,0.08370769337822126,0.9773,0.00037120731599557435,0.001344871371185488
xavier,654571,82,0.007413523747989368,0.99964,0.08387274759257524,0.977,0.0003631910389340634,0.001311073673630699
xavier,654571,83,0.0072218940688824045,0.99976,0.08471516813908925,0.9768,0.00035440375189005617,0.001280992262497482
xavier,654571,84,0.007104028197997286,0.99968,0.0840809102714715,0.9776,0.00035190413714937286,0.0012697642516990557
xavier,654571,85,0.006922552318865011,0.99974,0.08386080165899534,0.9769,0.0003455196737873166,0.00123997553874001
xavier,654571,86,0.006744638066694734,0.99974,0.0843616389046711,0.978,0.0003355382679520359,0.0012078694221898086
xavier,654571,87,0.006591822334204119,0.99974,0.08465860623812856,0.9772,0.00033299922455334456,0.0012029620046764512
xavier,654571,88,0.006471333204994251,0.99984,0.08476504861858705,0.9776,0.00032950583429483294,0.001182667753984754
xavier,654571,89,0.006307024563297387,0.99974,0.08569106984309813,0.9773,0.00031964186515390957,0.0011507438586299066
xavier,654571,90,0.006239491162541239,0.99976,0.08429320039776005,0.9777,0.0003205131442230472,0.0011484277847667805
xavier,654571,91,0.006031770050681157,0.99986,0.08516325574354021,0.978,0.00030777578440831997,0.001093976977284194
xavier,654571,92,0.00596780913733731,0.99986,0.08546985731915048,0.9779,0.00030918444655128315,0.0011067147292305444
xavier,654571,93,0.005790368510382109,0.99986,0.08519262395718001,0.9776,0.000298234492789351,0.001060320644655383
xavier,654571,94,0.0057203080545082784,0.99984,0.08553513513000632,0.9773,0.0002991129313229755,0.0010647121294469518
xavier,654571,95,0.0055685653134591355,0.9998,0.08709260201111164,0.9776,0.00028974931453930905,0.0010323306292204057
xavier,654571,96,0.005460359859575272,0.99988,0.08587989141212744,0.9773,0.0002865876315432929,0.0010209727578551968
xavier,654571,97,0.005370561694455818,0.9999,0.08545083427660614,0.9777,0.00028372352437400363,0.0010126194004714598
xavier,654571,98,0.005293853995941973,0.99986,0.08532514714166205,0.9776,0.00027901699204597357,0.000991691935158569
xavier,654571,99,0.0051847294171845455,0.99988,0.08618435249615568,0.9775,0.00027464238465161077,0.0009761199033082838
xavier,654571,100,0.005076212443293821,0.99994,0.08632020089566589,0.9776,0.00027121126951055704,0.000958265149829635
xavier,89250,1,0.5396580947844201,0.85994,0.3196741383232227,0.9064,0.0017798823046930672,0.011184209994151064
xavier,89250,2,0.2874923082391603,0.91906,0.2539274002420158,0.9265,0.0015848756425863799,0.009368167548075191
xavier,89250,3,0.237226079597437,0.93356,0.21799602247911792,0.9375,0.0014997214070552084,0.00809620798086901
xavier,89250,4,0.20464974264064498,0.9421,0.19769538253154545,0.9437,0.0014674976995995568,0.007671930195098153
xavier,89250,5,0.17917502251367246,0.94916,0.1789533331962826,0.9463,0.001422742348322995,0.007095360313597193
xavier,89250,6,0.15946086999873121,0.95544,0.16098246607698766,0.9523,0.0013653879563810436,0.006604786602254163
xavier,89250,7,0.1435925065684457,0.95984,0.14778237896322505,0.9557,0.001343241934057302,0.006381302172347485
xavier,89250,8,0.13046374348822942,0.96404,0.1386032419147428,0.9582,0.0013197700247338127,0.006196219758747324
xavier,89250,9,0.11883344067839609,0.96724,0.13197944838520934,0.9594,0.0012742338451820034,0.005811206991700261
xavier,89250,10,0.11012874897244553,0.97014,0.1245724749348804,0.9611,0.0012669790425107828,0.005791960756789725
xavier,89250,11,0.10202083020867748,0.97222,0.11731981926698702,0.9637,0.0012459076113184153,0.0056029817173703055
xavier,89250,12,0.0949735771056701,0.97414,0.11402357403193478,0.9656,0.0012060972504994397,0.005316862100188151
xavier,89250,13,0.08906084598243047,0.97566,0.10953688438980198,0.9667,0.0012000911324599412,0.005261837111923526
xavier,89250,14,0.08373570767792278,0.97692,0.10335912438504306,0.9683,0.0011999956447526525,0.005198843067794181
xavier,89250,15,0.07879310126233834,0.9788,0.10305932756428922,0.9683,0.0011699812970639078,0.0050477825637464885
xavier,89250,16,0.07458497865116884,0.9801,0.10046293984633951,0.969,0.0011558319293657826,0.004931514871993601
xavier,89250,17,0.07034822557545994,0.98116,0.09564849675480336,0.9713,0.0011296913065745081,0.00472007304155133
xavier,89250,18,0.06678245040457222,0.98196,0.0931805883798314,0.9735,0.0011096142323129257,0.0046768003748864214
xavier,89250,19,0.06342388311514235,0.98266,0.09204085541293795,0.9712,0.0011111481259830091,0.004643880680182933
xavier,89250,20,0.06077441620543374,0.98374,0.09153097240780214,0.9723,0.0010849846864125119,0.004505418926348702
xavier,89250,21,0.05782312390132131,0.98494,0.08864848178124744,0.974,0.00107141425929186,0.004418414871963648
xavier,89250,22,0.05526384528461839,0.98528,0.08796803420748192,0.973,0.0010709673313909162,0.004402497175024144
xavier,89250,23,0.05242504829763971,0.98612,0.08624606402795867,0.9742,0.001036846928167232,0.004221915202053689
xavier,89250,24,0.05001167780096061,0.98732,0.08842781829364887,0.9724,0.0010164826190950584,0.004109819462372525
xavier,89250,25,0.04810067427753833,0.98754,0.08360206640851414,0.9761,0.0010185517598025277,0.004132299240579659
xavier,89250,26,0.04616807931410869,0.9884,0.08940678361171518,0.9729,0.0010025989716811426,0.0040145141091689025
xavier,89250,27,0.04418559610145472,0.98858,0.08363181073570639,0.9749,0.0009981795327361441,0.004006690529365861
xavier,89250,28,0.04207408530706232,0.98986,0.08134562652252876,0.9769,0.0009647204160244796,0.003835044995367818
xavier,89250,29,0.0406843093067466,0.98992,0.08354886445201548,0.9747,0.0009552782711439233,0.0037895625356627804
xavier,89250,30,0.03890150970871982,0.99056,0.08098693754903596,0.9762,0.0009366286241010492,0.003710192708041527
xavier,89250,31,0.0373433129065779,0.99114,0.08365108282868733,0.9742,0.0009283342436978363,0.0036422207124548324
xavier,89250,32,0.035969639372324176,0.9915,0.07996687464754484,0.976,0.0009165823315503919,0.0036041858194062687
xavier,89250,33,0.03467380847890897,0.9917,0.08117349199342007,0.9746,0.0009035649781503417,0.003536539306894872
xavier,89250,34,0.03314226539579651,0.9924,0.07945276495243322,0.9771,0.0008797719416470271,0.0034016804946967573
xavier,89250,35,0.032216744397565514,0.9928,0.0778075093000092,0.9781,0.0008837641040998108,0.0034329347153592127
xavier,89250,36,0.03102661690296245,0.99306,0.0769835840938146,0.9771,0.0008634583872728187,0.0033314212004836694
xavier,89250,37,0.029585488624985272,0.99348,0.07741159759152796,0.9771,0.0008370801473594916,0.0032204265196469945
xavier,89250,38,0.02873477063403372,0.99358,0.07814787007785151,0.9764,0.0008359105447958015,0.003210715874485438
xavier,89250,39,0.027633907956296676,0.99422,0.07692914424247213,0.9767,0.0008085986634842728,0.0031068381250863456
xavier,89250,40,0.026693435613665273,0.99442,0.07827957899691221,0.9768,0.0008108701761768796,0.0031042086747533654
xavier,89250,41,0.025755299079568004,0.99462,0.07613297719396468,0.9772,0.000781825543301559,0.0029804800238014805
xavier,89250,42,0.024687333421530698,0.99512,0.0787795914175322,0.9767,0.0007690814272435796,0.0029096640764361653
xavier,89250,43,0.02409951745319946,0.9952,0.07675263012483678,0.9775,0.0007742277710047947,0.002916369163781782
xavier,89250,44,0.023091712088854646,0.99554,0.07607982018648173,0.9775,0.0007535413335172545,0.0028372034537038357
xavier,89250,45,0.022234341192855223,0.9961,0.07802855613336564,0.9767,0.0007294894543453616,0.002730125090263017
xavier,89250,46,0.02144031131537893,0.9962,0.07792035200740158,0.9768,0.0007116497501546502,0.002648734613864505
xavier,89250,47,0.02084567637132663,0.99662,0.0779841183106657,0.9768,0.0007033544724253344,0.0026262739088055657
xavier,89250,48,0.02029219590670536,0.99642,0.07580944177430549,0.9773,0.0006992484849332414,0.0026023678182449748
xavier,89250,49,0.01960007322270695,0.997,0.07638859263405806,0.977,0.0006885115227259329,0.0025697737764053476
xavier,89250,50,0.018984917498858833,0.99702,0.07735463786010514,0.9772,0.0006735846513253352,0.0024935745345029694
xavier,89250,51,0.0183208607523407,0.99716,0.07738324155386983,0.9767,0.0006581176994798109,0.0024540279143727916
xavier,89250,52,0.017704484146318544,0.99732,0.07607598514281436,0.9773,0.0006527338734366752,0.0024234453781337715
xavier,89250,53,0.017068826529019067,0.9978,0.07637867312908116,0.9776,0.0006280324242507418,0.0023120929821483865
xavier,89250,54,0.01655241225844473,0.9978,0.07683475807749263,0.9777,0.0006148860971642806,0.002270926440521453
xavier,89250,55,0.016157161764940288,0.998,0.0760942852634466,0.9773,0.0006137060056364196,0.002251989222954318
xavier,89250,56,0.015572463165556712,0.99808,0.0778041644237469,0.977,0.0005986252895616131,0.002214230023079022
xavier,89250,57,0.01512045027577067,0.99816,0.07517868301158814,0.9777,0.0005961432497504491,0.00219707105467077
xavier,89250,58,0.014727103792659211,0.99824,0.07623816184751789,0.9773,0.0005770751637159251,0.0021159048851691386
xavier,89250,59,0.014174440558694927,0.99848,0.07607029936516678,0.9783,0.0005642044674367152,0.0020636198863274997
xavier,89250,60,0.013770813557732063,0.99856,0.07579075689928051,0.9785,0.0005474573542895914,0.0019907012903025356
xavier,89250,61,0.013442652099074394,0.99852,0.0756388756070503,0.9783,0.0005466665178140047,0.0019979322385833102
xavier,89250,62,0.013051125975329555,0.9987,0.07515599704207036,0.9784,0.0005369368804753789,0.0019574874622946036
xavier,89250,63,0.012668389270650943,0.99872,0.0752134082441101,0.9779,0.0005359532054897887,0.0019449528626374311
xavier,89250,64,0.012297461284521012,0.99872,0.07661540106895523,0.9782,0.0005100211878151582,0.0018457217853176766
xavier,89250,65,0.012004943136205648,0.99886,0.07574972458365682,0.9782,0.0005106072651966713,0.0018460813219631528
xavier,89250,66,0.011652777964528493,0.99884,0.07632645235158268,0.9776,0.0005004475015768685,0.0018117418142187779
xavier,89250,67,0.011362716054764164,0.99896,0.07700598390707658,0.978,0.0004893295893973256,0.0017762173844539167
xavier,89250,68,0.01096675211821253,0.999,0.07580520020405711,0.9786,0.00047541533965026123,0.0017212748781139358
xavier,89250,69,0.010800891532932871,0.99906,0.07698243652899871,0.9777,0.0004812302569992665,0.001748871886373731
xavier,89250,70,0.010445920682729745,0.99916,0.07812231140507706,0.9776,0.00047235790409868244,0.0017163647171391468
xavier,89250,71,0.010161840146643671,0.99932,0.07688837782568092,0.9785,0.00045739289532669,0.0016408382230562036
xavier,89250,72,0.009911735518212948,0.9992,0.07674536037504706,0.9779,0.00045064576953650706,0.0016275991513728166
xavier,89250,73,0.009618204178790817,0.9994,0.07751329760573611,0.9781,0.0004401436736654957,0.0015717125501467388
xavier,89250,74,0.009451431221032602,0.99936,0.07611633232639031,0.9784,0.0004366432545974818,0.0015711450921674353
xavier,89250,75,0.009146785118099824,0.9993,0.07765719331705852,0.978,0.00041872405998307963,0.0015003517252374923
xavier,89250,76,0.008890394395345124,0.99944,0.07752583165980993,0.9781,0.00041085836805640236,0.0014673569795485815
xavier,89250,77,0.008769540751609153,0.99934,0.07740824494007804,0.9785,0.0004159342219503706,0.0014966367604551908
xavier,89250,78,0.008501384929194417,0.99944,0.07704685710898417,0.978,0.00039937948072592397,0.0014327930019607665
xavier,89250,79,0.008325020375397054,0.9995,0.0768843432338726,0.9783,0.000398613711837187,0.00142037326227081
xavier,89250,80,0.008079925842673554,0.99946,0.0780325050664568,0.9785,0.00038578477863187395,0.001375321432837696
xavier,89250,81,0.007917997543548784,0.99956,0.07789913799954606,0.9784,0.000380316640002162,0.001357220548969682
xavier,89250,82,0.007731582206262983,0.99958,0.07805593685059922,0.9782,0.00037342052377872543,0.001332209502001079
xavier,89250,83,0.007600253115267992,0.99956,0.07884509881486569,0.9783,0.0003736949673603359,0.0013371358779695015
xavier,89250,84,0.007427765035668726,0.99956,0.07849648317814949,0.9782,0.0003657144919485496,0.0013052260824753823
xavier,89250,85,0.007238603706123046,0.99962,0.07755117292331443,0.9781,0.0003537977205119043,0.0012494513684031612
xavier,89250,86,0.007061726137629284,0.99966,0.07853272723647838,0.9782,0.00034944105228695615,0.0012451542575320192
xavier,89250,87,0.006920708754484494,0.99968,0.07834375515867163,0.978,0.0003495715609027098,0.0012382205724191559
xavier,89250,88,0.006796567730110688,0.9997,0.07908282865210657,0.9785,0.0003403094359416435,0.0012043911394050257
xavier,89250,89,0.006637683992999713,0.99972,0.0785687270223786,0.9781,0.0003371117975243071,0.0011961399850303213
xavier,89250,90,0.006473950989331214,0.99974,0.07847287745277566,0.9785,0.00033181569034866,0.0011784360745917147
xavier,89250,91,0.006341594637369954,0.9997,0.0785918326307615,0.9779,0.00032149095005986456,0.0011428971648501731
xavier,89250,92,0.006219655011894475,0.9998,0.0777993529255048,0.9787,0.0003182247741761103,0.0011213051285959904
xavier,89250,93,0.006106435267935258,0.99978,0.07849436949681343,0.9787,0.00031555574003132894,0.0011117564194319024
xavier,89250,94,0.005966790397444431,0.99976,0.07853354306568681,0.9788,0.0003075413313601821,0.0010846308675106476
xavier,89250,95,0.00584936480745415,0.99976,0.0791621155587118,0.9787,0.0003033747388649722,0.0010729361753522872
xavier,89250,96,0.005772786608164986,0.99978,0.0800812278689436,0.9782,0.00029774105770503457,0.001050362178233404
xavier,89250,97,0.00564108784959361,0.99984,0.07907632857166454,0.9784,0.00029537857278732815,0.001042586138608953
xavier,89250,98,0.005500931552304405,0.99988,0.0794425865583293,0.9785,0.00028862262279060586,0.0010144324067523568
xavier,89250,99,0.005463694559751646,0.99984,0.0799387082515349,0.9781,0.00028840270672114075,0.0010153139225683508
xavier,89250,100,0.005313810375769583,0.99984,0.07987357115685513,0.9781,0.000280298128277435,0.0009887283174365485
xavier,773955,1,0.5410427423069069,0.85716,0.3274051286867666,0.9058,0.0018044691430304683,0.011705161992428798
xavier,773955,2,0.2931115452042222,0.91706,0.26653673555043494,0.9235,0.001580919714295191,0.009453090895802822
xavier,773955,3,0.24409451003696883,0.93076,0.24320970275390585,0.9274,0.0015325020421873136,0.008542198183297147
xavier,773955,4,0.20903696508184214,0.94148,0.2028855287330909,0.9412,0.0014570669399371127,0.007669004981251183
xavier,773955,5,0.18289487669056628,0.94896,0.17561387270957726,0.9492,0.0014179918845929982,0.007058806475074724
xavier,773955,6,0.16248989400266198,0.95418,0.16247385378057738,0.9519,0.0013740701187260108,0.006655391031837289
xavier,773955,7,0.1456651691355646,0.9595,0.15212233161636055,0.9556,0.0013347273315368168,0.006290426006308769
xavier,773955,8,0.1324142118002918,0.96286,0.14169356052864743,0.9593,0.0013197500557246614,0.006120069484081528
xavier,773955,9,0.12114919070797121,0.96594,0.1330450440244102,0.9618,0.001300660014239228,0.005974378607036818
xavier,773955,10,0.11151447275287746,0.96936,0.1301235907682645,0.9627,0.0012612970703669752,0.005685209971125112
xavier,773955,11,0.1034189143718159,0.97134,0.11851813830878181,0.9661,0.0012396032265082058,0.005495685520645136
xavier,773955,12,0.09619124341793164,0.97354,0.11511288004143534,0.9649,0.0012189074760777501,0.00537872745239767
xavier,773955,13,0.08954539244444022,0.97568,0.11032427710807503,0.9683,0.0011935280738914987,0.0052023748073695706
xavier,773955,14,0.08424285507256873,0.9772,0.10478465433350287,0.9692,0.0011754692033021197,0.005065715909736932
xavier,773955,15,0.07916320458570777,0.9779,0.10254560648499705,0.9698,0.001161832787566196,0.0049742838252160035
xavier,773955,16,0.07486069227906818,0.97982,0.09947863928197574,0.9699,0.0011469881778604454,0.004883977596586388
xavier,773955,17,0.07075481492203087,0.98058,0.09624121120205316,0.9718,0.0011318005342521144,0.004795027296116296
xavier,773955,18,0.06701753640394112,0.98216,0.09548171388148624,0.9724,0.001113488168753793,0.004674383184707479
xavier,773955,19,0.06375218179572294,0.98274,0.09373150667930942,0.9709,0.001115436306947405,0.004724382645238858
xavier,773955,20,0.06031533539133164,0.98374,0.08822738349495364,0.9734,0.0010646895093421873,0.004378888514007795
xavier,773955,21,0.05754280204344509,0.98476,0.09027505356760204,0.9735,0.0010699394355759024,0.00442051262314517
xavier,773955,22,0.054576859679152975,0.98582,0.08752565932644886,0.9739,0.0010398094184967364,0.00428686298737185
xavier,773955,23,0.05213839616169737,0.98644,0.08591364571715035,0.9732,0.001031772646031292,0.004240886654071979
xavier,773955,24,0.05001821431739521,0.9872,0.08654351732650462,0.9736,0.0010282573516187537,0.004175262103052542
xavier,773955,25,0.0478590794657675,0.98762,0.08461894477137612,0.9744,0.001015589535785393,0.004082758673580555
xavier,773955,26,0.04558368301564338,0.9888,0.08290597625944524,0.9751,0.0009916824601088328,0.004011858333449843
xavier,773955,27,0.04364611981729162,0.98912,0.08258271698977668,0.9747,0.000978150303752916,0.003918243522879947
xavier,773955,28,0.041685298764540246,0.98966,0.08083673584531084,0.9754,0.000961960464348376,0.0038706904831998616
xavier,773955,29,0.039874071326789357,0.9901,0.08272907253271136,0.9754,0.0009388810168035192,0.0036906780814401534
xavier,773955,30,0.038205154466832134,0.99074,0.08214737955503953,0.9753,0.0009356295561324833,0.003689705714408028
xavier,773955,31,0.03677390099841245,0.99102,0.07980615133356214,0.9762,0.0009229728500886102,0.0036557396036823605
xavier,773955,32,0.03529231449179535,0.99152,0.07899014606021713,0.9761,0.0008979375838333687,0.0035371283725049367
xavier,773955,33,0.0336688762130865,0.99222,0.07666098221318379,0.9766,0.0008752426625325915,0.0034161246243528663
xavier,773955,34,0.032289617286867536,0.99232,0.07974853495143756,0.9744,0.0008648058931592705,0.0033757046724181092
xavier,773955,35,0.031234785474975633,0.99272,0.07606135208390508,0.9775,0.0008605269434980498,0.0033322942507063493
xavier,773955,36,0.02990510112926079,0.99324,0.07677844303427413,0.9771,0.0008330438330718638,0.0032437316386809325
xavier,773955,37,0.028807604698509154,0.99378,0.07757265579951934,0.9764,0.0008184714243401774,0.0031586218858588467
xavier,773955,38,0.027648833403428313,0.99428,0.07613478336413952,0.9767,0.0008053176923714431,0.003120196787446462
xavier,773955,39,0.026706311061253776,0.9944,0.07513633505428902,0.9777,0.0007922231412825503,0.0030185686922166496
xavier,773955,40,0.02566727396302211,0.99482,0.07741387704184582,0.9772,0.0007736200095903202,0.0029493662828923915
xavier,773955,41,0.02456495845448976,0.99532,0.07631041698348381,0.9769,0.0007536042656938268,0.0028596972242342224
xavier,773955,42,0.02376925795068377,0.99558,0.07671394850981175,0.9779,0.0007403054248262195,0.0028170971177374346
xavier,773955,43,0.02290133324157957,0.9959,0.0747538305051738,0.9776,0.0007319900110030093,0.0027839629978524726
xavier,773955,44,0.02197705018073249,0.99618,0.0744652054471043,0.977,0.0007134410351734969,0.002700387732587493
xavier,773955,45,0.021454251676190573,0.99624,0.07533123059404158,0.9772,0.0007180273508302407,0.0027327531170108083
xavier,773955,46,0.020487402329040928,0.99666,0.07586698529309703,0.9779,0.0006875776982063813,0.0025921903735072116
xavier,773955,47,0.019932007991166675,0.99666,0.07532138953566345,0.9777,0.0006811672530963674,0.0025744404340906214
xavier,773955,48,0.019105480156965938,0.99726,0.07495529661478428,0.9777,0.0006533917368501832,0.0024509910847608776
xavier,773955,49,0.01842676812226689,0.99728,0.07598205716507672,0.9783,0.0006463775607151808,0.0024193375185915943
xavier,773955,50,0.01782558534882998,0.99756,0.07508332223265163,0.9782,0.0006329926593598192,0.002367692528103641
xavier,773955,51,0.017293659563872344,0.99762,0.07560612031967291,0.9777,0.0006274094025308794,0.0023486588081892855
xavier,773955,52,0.016772341291592687,0.99778,0.07606733971496778,0.9781,0.0006126664517908498,0.002269986113798669
xavier,773955,53,0.01637402102332648,0.99786,0.0756466162231401,0.9782,0.0006112197799388917,0.002284130241547646
xavier,773955,54,0.015691752660258955,0.99798,0.07465767038174728,0.9781,0.0005885288672684574,0.00218145692903038
xavier,773955,55,0.015174332796165285,0.99816,0.07617857838226458,0.9788,0.0005827232185987284,0.0021650307190020164
xavier,773955,56,0.014795820370967612,0.99832,0.07595641513173337,0.9783,0.0005727209064089227,0.002131416047054314
xavier,773955,57,0.014366760315135872,0.9983,0.07608096430873429,0.9777,0.0005703149506349457,0.0021233636155633833
xavier,773955,58,0.013839585493852197,0.99844,0.0737899553264572,0.9785,0.000543182224884244,0.002012212607334316
xavier,773955,59,0.013396419560128579,0.99858,0.07432300733244374,0.9782,0.0005310203852664099,0.0019560968548808263
xavier,773955,60,0.013001305358254634,0.99866,0.07551116488592437,0.978,0.0005264595644489925,0.0019488695358401314
xavier,773955,61,0.01266809714144096,0.99876,0.0754742491492564,0.9788,0.0005169471672571641,0.0018930923508482637
xavier,773955,62,0.012252114302321725,0.99884,0.07437515658178562,0.9778,0.0005124237062730082,0.0018734602556351092
xavier,773955,63,0.011827667295878511,0.99898,0.07527387000627364,0.9783,0.0004934860744382592,0.0017991081873293974
xavier,773955,64,0.011616502014959935,0.9988,0.07611713987269204,0.9784,0.00048737293348700755,0.0017855505177090968
xavier,773955,65,0.011267513954654758,0.99894,0.07654276328263628,0.978,0.0004796569430473333,0.0017489729207245297
xavier,773955,66,0.010974549392028724,0.99902,0.07716211703113224,0.9787,0.00047006343541276124,0.0017157574023350598
xavier,773955,67,0.010704840600716498,0.99904,0.07613746637140412,0.9789,0.0004683310265358403,0.0017129232242028031
xavier,773955,68,0.010407629372513225,0.99916,0.07622543973430036,0.9781,0.00045806952776291044,0.00167128946310202
xavier,773955,69,0.010078543465154825,0.9992,0.07687699503439711,0.9783,0.00044416296130646104,0.001622884338252903
xavier,773955,70,0.009828610547956342,0.99928,0.07587015819641231,0.979,0.0004352134457387473,0.001580493279218552
xavier,773955,71,0.00953723440767375,0.99928,0.07614623307084821,0.9782,0.00042839750781879137,0.0015531709310317831
xavier,773955,72,0.00933600694653159,0.99936,0.0762326999609979,0.9779,0.0004181386055367205,0.001518791852378843
xavier,773955,73,0.009025720590305857,0.99934,0.07647366282749124,0.9783,0.0004119579394588729,0.001488510519501607
xavier,773955,74,0.008804791038519657,0.99954,0.07593836940109447,0.9787,0.0004016097394207299,0.0014512939249050488
xavier,773955,75,0.00862403243391821,0.9994,0.076973860616498,0.9786,0.0004014939192052159,0.0014584801581166277
xavier,773955,76,0.00842127376606147,0.99952,0.07620137067458235,0.9781,0.0003908582216275576,0.0014141128013660435
xavier,773955,77,0.008189146080335427,0.99952,0.07778585086217947,0.9786,0.00038296411923341867,0.001382704104044585
xavier,773955,78,0.008041891684720824,0.99946,0.07694064799131549,0.979,0.00037542370150890446,0.0013594360571078834
xavier,773955,79,0.007813214108476624,0.9995,0.07724737062007576,0.9788,0.00037177263346221316,0.0013351987488930217
xavier,773955,80,0.007648705956933411,0.99962,0.0764611839549607,0.9782,0.0003650120601362103,0.0013089540537037524
xavier,773955,81,0.007456469915075607,0.99962,0.07699001304233642,0.9781,0.00035891540954509853,0.0012908902771808022
xavier,773955,82,0.007326710106559505,0.9996,0.07669210652886488,0.9783,0.0003536135663879142,0.0012750677902827311
xavier,773955,83,0.007112856850856995,0.9997,0.0772656919104032,0.9779,0.00034917578173275504,0.0012562567595596564
xavier,773955,84,0.006974174216997007,0.9997,0.0778369534657553,0.979,0.0003463314025661475,0.0012461320806008136
xavier,773955,85,0.006759198120011173,0.9997,0.07753701788185995,0.9783,0.0003311736792026994,0.0011954550297715789
xavier,773955,86,0.006657361148634923,0.99966,0.07767902689334762,0.9785,0.00033100282459186755,0.0011906922614278862
xavier,773955,87,0.00648979286777533,0.99974,0.07839563061929027,0.9784,0.0003235413330944844,0.001160797004033354
xavier,773955,88,0.006354669487310141,0.99972,0.07801446120030553,0.9786,0.00032213465384293174,0.001163011796878122
xavier,773955,89,0.006194862740099357,0.99976,0.07813581770862107,0.9786,0.00031284211149999194,0.0011206523429651046
xavier,773955,90,0.006053086732364097,0.99982,0.07869009687014586,0.9782,0.0003034441703201081,0.0010833895131545051
xavier,773955,91,0.005979316148860195,0.9998,0.0792554911622786,0.9781,0.00030588817852845584,0.0010926574805180467
xavier,773955,92,0.005826545696483791,0.99984,0.07837346620688863,0.9791,0.0002965558130974658,0.0010571100591704572
xavier,773955,93,0.005717813882623328,0.99984,0.07936524551020364,0.9782,0.0002924136787269372,0.0010425158984193957
xavier,773955,94,0.00560853997594856,0.99978,0.078236197124904,0.9788,0.00028787723544685675,0.0010216033961376828
xavier,773955,95,0.005509932562523262,0.9998,0.07872867165297232,0.9786,0.0002836719834773128,0.0010190797149631132
xavier,773955,96,0.005396816263064774,0.99986,0.07895390048593175,0.9783,0.00028079294722033773,0.0009982100978539455
xavier,773955,97,0.005286426317041973,0.99982,0.07889930195161429,0.979,0.00027435445366481295,0.0009775651661606169
xavier,773955,98,0.005182199431550167,0.99986,0.07892712337857996,0.9786,0.00027234610917126743,0.0009704910450242845
xavier,773955,99,0.005076113325229687,0.9999,0.07931746004079873,0.9786,0.0002633869826760543,0.0009339355999304542
xavier,773955,100,0.005008280236596727,0.99982,0.0789013051063632,0.9788,0.00026350983455274325,0.0009384196799729209
he,654571,1,0.499719870414207,0.86616,0.3376061636865162,0.9006,0.0019073765416598675,0.01143921327812323
he,654571,2,0.28308849435372674,0.92092,0.2603990043679244,0.926,0.0016555317872019944,0.009771956597967528
he,654571,3,0.2356369153342149,0.93418,0.22031765725029903,0.9355,0.0015835769110455595,0.008787698444211216
he,654571,4,0.2030527657611851,0.94354,0.19719267824895173,0.9437,0.00153811649480612,0.008197258905334539
he,654571,5,0.17794176457642472,0.95008,0.17350094311730696,0.9505,0.0014713169313104934,0.007557678155707028
he,654571,6,0.1584381415520412,0.95538,0.15681433934427824,0.9562,0.0014245499042628627,0.007129010533823246
he,654571,7,0.14244073759219092,0.96016,0.1489628704036503,0.9577,0.0013913614615393758,0.0068311963620932776
he,654571,8,0.12951805034038177,0.9643,0.14371931687714215,0.9566,0.0013486212498263956,0.006463269004790739
he,654571,9,0.1190818086745091,0.96696,0.13328011966238668,0.9623,0.0013303935368149512,0.006284769452808414
he,654571,10,0.10955127302875066,0.96946,0.12161848998944838,0.9643,0.0012984545308707782,0.006013325381549962
he,654571,11,0.10103436078856956,0.97248,0.11903688145199667,0.9668,0.00126912990876614,0.005873591374867832
he,654571,12,0.09395570613803066,0.97436,0.11476563494119525,0.9654,0.0012349626067612615,0.005634360688365265
he,654571,13,0.0877976484843271,0.97628,0.10785741710739034,0.9691,0.0012204711532587673,0.0055237180588671286
he,654571,14,0.08233870230246518,0.97796,0.10479720085244935,0.9686,0.0012060410101048758,0.005379279060607368
he,654571,15,0.07727629461179773,0.97924,0.10197313045636223,0.9708,0.0011814071370322887,0.00521914950583989
he,654571,16,0.07277558993927083,0.98034,0.10207902152431217,0.9707,0.0011675978751375096,0.005111905027796243
he,654571,17,0.06898231845060566,0.9817,0.09834819238946196,0.9711,0.0011442225682845115,0.004992496606706886
he,654571,18,0.0648711618834307,0.9827,0.09476856314793779,0.9722,0.0011204060248372382,0.004836090162293793
he,654571,19,0.061582285766102196,0.98416,0.09345385928857888,0.9729,0.0011121983956303503,0.004769333052697591
he,654571,20,0.058482613876333106,0.98462,0.09102396175584469,0.9712,0.0011047175269141907,0.004714986607724778
he,654571,21,0.05555041680731299,0.98578,0.09182560627745646,0.9719,0.0010807424034619125,0.004607257520744058
he,654571,22,0.0527649840249618,0.98624,0.09238308563842006,0.9724,0.0010558806490226903,0.0044430541780268035
he,654571,23,0.05044168488860827,0.98728,0.08896759820900899,0.9734,0.0010487391563252125,0.004410633367705917
he,654571,24,0.048055925739241355,0.98804,0.08888347478885948,0.9734,0.001028933922019836,0.004293911983773595
he,654571,25,0.045984516468304294,0.98878,0.0889150835263055,0.9732,0.0010191698076153666,0.004249325910120558
he,654571,26,0.04390764981848965,0.98924,0.0875533695824948,0.9737,0.0009971075873162582,0.0040936748964561075
he,654571,27,0.04191694690998901,0.98988,0.08588505742514654,0.9743,0.0009759865326362608,0.004008013924913934
he,654571,28,0.040184543000013284,0.9905,0.08986848739749709,0.9721,0.0009713666190242836,0.003983029818673205
he,654571,29,0.0385479589442594,0.99106,0.08512062985148171,0.9747,0.0009529564965270532,0.003891566006537449
he,654571,30,0.03679995456813143,0.99144,0.0840381344212413,0.974,0.0009310771535796737,0.0037622961648533172
he,654571,31,0.03531700762206661,0.99174,0.08229837584177001,0.9757,0.0009110919812093292,0.0036890995614800377
he,654571,32,0.033886832060761714,0.99172,0.08353742971290046,0.9745,0.0009064658225110426,0.003664089525361154
he,654571,33,0.03260826180903403,0.99266,0.08241570082786336,0.9747,0.0008977379838840711,0.0035906862608915636
he,654571,34,0.031071163113820903,0.99276,0.08258699289714883,0.9748,0.0008631903008663235,0.0034322688562038626
he,654571,35,0.03010664898352083,0.99336,0.08099746880056458,0.9757,0.0008588565161143598,0.0034263436188307988
he,654571,36,0.028783043356768172,0.9938,0.08389106144998514,0.9746,0.0008404071340728472,0.0033304519590581583
he,654571,37,0.02755367307958234,0.99424,0.0829139131216353,0.9751,0.0008141057351384893,0.0032095073438548204
he,654571,38,0.026557476150424586,0.99458,0.08357045655912976,0.9746,0.0008034968464172279,0.003166708829685678
he,654571,39,0.02570308244889555,0.99466,0.08160254540633115,0.9762,0.0007963866761959482,0.0031377944937114577
he,654571,40,0.024675746518269467,0.99516,0.08134822767776961,0.9752,0.000779474581266277,0.0030602979532522658
he,654571,41,0.0236615169775954,0.99558,0.0818702373933504,0.9752,0.0007613023008977704,0.002971543639003154
he,654571,42,0.022888052995428062,0.9957,0.08307429492566022,0.9754,0.000756689844782641,0.002961796101798648
he,654571,43,0.02203532360702308,0.99576,0.08174206892810672,0.9752,0.0007325978980067876,0.002840588697235581
he,654571,44,0.02126166674549942,0.99602,0.08285112991619745,0.9749,0.0007140265723918936,0.002765072492808979
he,654571,45,0.020413064538578673,0.9965,0.08101514121677642,0.9755,0.0007030876695406738,0.002710235052094216
he,654571,46,0.01971218086198547,0.99662,0.08259468746302817,0.9756,0.0006974531272457979,0.0026873838579235757
he,654571,47,0.019153704381082364,0.99678,0.08160548903770104,0.9757,0.0006847578597188654,0.0026521995044704507
he,654571,48,0.018563974546045952,0.99686,0.0812905220282184,0.9754,0.0006750341440497365,0.002592678920715453
he,654571,49,0.017875607296577792,0.9972,0.08319891014271102,0.9756,0.0006600380308211693,0.0025420916223422483
he,654571,50,0.017252611110622783,0.99764,0.08314727871574042,0.9758,0.0006379133678607872,0.0024563151425863873
he,654571,51,0.01676076967200341,0.99766,0.08140357971837732,0.9753,0.0006336667367687432,0.0024239443659415075
he,654571,52,0.01608348364881716,0.99786,0.08184359617962988,0.9756,0.0006124104093208198,0.0023238071550803724
he,654571,53,0.015572426644331597,0.99806,0.08181360769429113,0.9765,0.0005983745262704302,0.002287675116525128
he,654571,54,0.015028446975938175,0.99824,0.08146557319719039,0.9756,0.0005873494145554528,0.002222236496283592
he,654571,55,0.014639118237475286,0.99826,0.08065609374860734,0.9757,0.0005763721546766106,0.0021945186946927134
he,654571,56,0.014062958817767732,0.9984,0.08274848072794111,0.9763,0.0005637150889205896,0.002139996108161774
he,654571,57,0.013761629028631097,0.99856,0.08198057744184475,0.9766,0.0005552932963381757,0.002104751427422625
he,654571,58,0.013266547963020688,0.99868,0.08211390258371475,0.9755,0.0005402636827990416,0.002040607963712009
he,654571,59,0.012984127826263488,0.99876,0.08144518847241529,0.9759,0.0005414310504801517,0.0020473819554096308
he,654571,60,0.01252958337858402,0.99882,0.08192491752056641,0.9764,0.0005230785568874961,0.0019694974087472576
he,654571,61,0.012114346895462822,0.99898,0.08270408543254965,0.976,0.0005026694026568892,0.0018805051197570575
he,654571,62,0.011788601439633898,0.99894,0.08368313349110455,0.9756,0.0004959945381257996,0.00185747740181592
he,654571,63,0.011505581776298164,0.999,0.08237892570042425,0.9758,0.0004937877675871867,0.0018400928592152256
he,654571,64,0.011122425432650244,0.99914,0.08239867283534938,0.9758,0.00048732813502131014,0.0018238247541044245
he,654571,65,0.010831325553606535,0.99926,0.08273549694607799,0.9767,0.0004727998981105773,0.001763738666667963
he,654571,66,0.010478402650458588,0.99932,0.08355338911701177,0.9767,0.0004673115597020363,0.001748326746541504
he,654571,67,0.01027566300619506,0.99936,0.08333896039234259,0.9759,0.00045593864834005896,0.001706912874850345
he,654571,68,0.00992404161272819,0.99938,0.08401873290268039,0.9759,0.0004420312575243627,0.001651819217911393
he,654571,69,0.009737098524931946,0.9994,0.0835595881580565,0.9769,0.00044247577771672675,0.001642529795314898
he,654571,70,0.009452894156750232,0.9994,0.08438045946279138,0.9762,0.00042856184712943885,0.001593898287012509
he,654571,71,0.009172656220556939,0.99938,0.08361853170988849,0.9767,0.000423958406736742,0.0015618821604425446
he,654571,72,0.009046979729744357,0.9995,0.08354208214626885,0.9768,0.00042380945340796306,0.0015758530820634705
he,654571,73,0.00877276846055802,0.99948,0.08339968893491272,0.9768,0.00040763166352939667,0.0015242047450200744
he,654571,74,0.008515028782599644,0.9996,0.08291934199318372,0.9764,0.00040324248094854515,0.0015027749955507596
he,654571,75,0.008289968478260771,0.99956,0.08430243566669735,0.9764,0.0003909325835105268,0.0014465854802324907
he,654571,76,0.00810522936306887,0.99962,0.08451324453654077,0.977,0.0003931956829176689,0.0014556817689618396
he,654571,77,0.007868935824436197,0.99968,0.0854758551473987,0.9761,0.00037417782969448234,0.0013702465238945181
he,654571,78,0.0077145632633056575,0.99966,0.08509243882263054,0.9763,0.00037145387894727585,0.0013694378076804419
he,654571,79,0.007537654936378482,0.99974,0.08472578290627575,0.9762,0.00036738696484171573,0.0013520405379566672
he,654571,80,0.00740150998659138,0.9997,0.08506015424011673,0.9767,0.0003644449913311488,0.0013499663826903644
he,654571,81,0.007196605032359913,0.9997,0.08494212575821082,0.9773,0.00035549188758163936,0.0013023841863685323
he,654571,82,0.007050529436702513,0.9997,0.08568414947007201,0.9766,0.0003492531182077469,0.001281210572107076
he,654571,83,0.006866413343875598,0.99974,0.08627762165342936,0.9766,0.0003380792160005497,0.001240691748896999
he,654571,84,0.0067427179786212176,0.99974,0.08586550810652444,0.9768,0.00033773433356872474,0.0012395678627131284
he,654571,85,0.006574078546019821,0.99984,0.08519535502023946,0.9768,0.00033034146159105607,0.0012068190262380177
he,654571,86,0.006416015336750279,0.99978,0.08556659143968012,0.9766,0.0003235838099723283,0.0011848761510469042
he,654571,87,0.006265417579345654,0.99972,0.08612186606589889,0.9764,0.00031844810987650507,0.001167697494174141
he,654571,88,0.006160664506076356,0.99984,0.0861279924687758,0.977,0.0003170860136004197,0.0011557523592987458
he,654571,89,0.006008419950789284,0.99978,0.08742701047912559,0.9768,0.00030871332630419776,0.0011294180282434873
he,654571,90,0.0059568444698980955,0.9998,0.08572411897144246,0.9768,0.0003075435476331339,0.0011206568786761052
he,654571,91,0.005751489869415669,0.99984,0.08625705832618069,0.9766,0.0002955595260986533,0.001065960505932851
he,654571,92,0.0056973672176953575,0.99986,0.08650055027487966,0.9771,0.000298425235116134,0.0010830131138259223
he,654571,93,0.005528709426142234,0.99986,0.08663727369397875,0.977,0.0002857222140281271,0.0010333572138634956
he,654571,94,0.005465993382040235,0.99986,0.08683110709388558,0.9768,0.0002869993237490621,0.0010419299337816469
he,654571,95,0.005333778940924751,0.99982,0.08795277152090952,0.9769,0.00027879090346885025,0.0010137652802811572
he,654571,96,0.0052310802494360134,0.9999,0.08700879536499415,0.9769,0.00027621745432695815,0.0010058279125402312
he,654571,97,0.005145962548273622,0.9999,0.08666639141081804,0.9771,0.0002741098663406817,0.0009954434987244356
he,654571,98,0.005065576184906094,0.99984,0.08655789663425939,0.977,0.0002686201587547544,0.0009662731855420699
he,654571,99,0.004952036767324932,0.99988,0.0873820315973785,0.9769,0.00026553496091042555,0.0009605621549906484
he,654571,100,0.0048620979013083085,0.99994,0.0874841961603142,0.9772,0.0002618845698289913,0.0009421660992747445
he,89250,1,0.489060091242918,0.86756,0.3011866729375521,0.9125,0.00195415560255874,0.011051015189870025
he,89250,2,0.26850202392701644,0.925,0.23784843166823852,0.9319,0.0016422148258334816,0.00907743895039812
he,89250,3,0.2190903994710547,0.93904,0.20336578212614237,0.9413,0.0015270655060836468,0.007880057084615756
he,89250,4,0.1881919135329665,0.94656,0.18496523650419244,0.9465,0.0014840590239206901,0.007505871913046607
he,89250,5,0.16467764671767007,0.95408,0.1683716584800083,0.9504,0.0014331772124534857,0.006940485455230999
he,89250,6,0.1465632616237148,0.9591,0.1517383276067441,0.9555,0.0013737778088438696,0.006448674391208387
he,89250,7,0.13221630569953496,0.96334,0.14080831266759236,0.9573,0.001347238449301692,0.006225288068747927
he,89250,8,0.12041360494183638,0.96708,0.1319744918718309,0.9597,0.0013197184612218176,0.006033865489512921
he,89250,9,0.10998324385261717,0.96966,0.12605459341965614,0.9617,0.0012765004849505214,0.005656009584594252
he,89250,10,0.10217646577741507,0.97188,0.11934786481269011,0.9629,0.0012630901466589258,0.005610607703025481
he,89250,11,0.09493873944493413,0.9742,0.11282327945957187,0.9656,0.0012465370245352198,0.005449827607728862
he,89250,12,0.08843992563741539,0.97564,0.11096644131913867,0.9672,0.0012034171954968063,0.005168111402270671
he,89250,13,0.08298113470162749,0.97738,0.10650669917007335,0.969,0.0011932776736736724,0.005097680018673401
he,89250,14,0.07807922822707995,0.97854,0.10117129672637973,0.97,0.0011920890998618897,0.005038788998821717
he,89250,15,0.07350137192014822,0.98,0.10106875769083151,0.9698,0.0011615687239032687,0.0048942726209518445
he,89250,16,0.0696216387451346,0.98134,0.09859177671666054,0.9701,0.0011432471710265083,0.004765019362428556
he,89250,17,0.06564619198404384,0.98252,0.09411002613308213,0.972,0.0011173210038724756,0.004568869356106697
he,89250,18,0.06236438045078853,0.98342,0.0918652029597348,0.9732,0.0010981651517106522,0.004517539472810574
he,89250,19,0.059227023997634326,0.98416,0.09096404659413482,0.9724,0.0010947444449022179,0.004466608802193853
he,89250,20,0.05667238676675007,0.98486,0.09070888086268152,0.9728,0.0010659132304910975,0.00433193489062153
he,89250,21,0.054007359056798786,0.98646,0.08810010019117877,0.9737,0.0010547148880491795,0.004271299911716779
he,89250,22,0.05149280605309178,0.98666,0.08778238614106526,0.974,0.0010462361901360162,0.004228373950290563
he,89250,23,0.048926413319096036,0.9873,0.08621236579958115,0.975,0.0010139416742605087,0.004034746762457801
he,89250,24,0.046681026073683886,0.98844,0.08751900191647083,0.973,0.000993827773617544,0.003949204853237347
he,89250,25,0.0448669387996343,0.98872,0.08368053584422869,0.9753,0.0009966065159262721,0.003950153795859889
he,89250,26,0.04301569048280977,0.9893,0.08839088537050252,0.9724,0.0009755507877546977,0.003827757818139369
he,89250,27,0.041128962585910034,0.98996,0.0836893526518444,0.9749,0.0009699954348895145,0.0038202067959345787
he,89250,28,0.03930791405162097,0.99046,0.08150400374815575,0.9761,0.0009424211490533382,0.003678340810517571
he,89250,29,0.03794953617449344,0.99084,0.08272652187774243,0.9751,0.0009308617456949833,0.0036146684512499893
he,89250,30,0.036270301410338684,0.9917,0.0812596126616456,0.9759,0.0009112836502668885,0.0035484569515128062
he,89250,31,0.034852227192347554,0.9919,0.08328673557194598,0.9744,0.0008974225871321035,0.003459417700071596
he,89250,32,0.033525511419408335,0.99248,0.07997045069799295,0.9755,0.0008882527759450456,0.003431228832051075
he,89250,33,0.03227823665504819,0.99266,0.08232320831604237,0.9755,0.0008738428941657692,0.003363967229060811
he,89250,34,0.030906164564195496,0.9932,0.07940139294321907,0.9757,0.0008516813434937429,0.003237754819141362
he,89250,35,0.029954555201480767,0.99338,0.0791412328468937,0.9761,0.0008542878867476032,0.003255110428598102
he,89250,36,0.028896742513111147,0.99372,0.0780739384781557,0.9768,0.0008288161930779176,0.0031420304884316754
he,89250,37,0.02751733851399732,0.99418,0.07881169030273108,0.976,0.0008032948424451492,0.0030276129295159744
he,89250,38,0.026685952629496884,0.9944,0.07893988956896138,0.976,0.0008023319303916283,0.0030394782568649494
he,89250,39,0.02572489665022335,0.99496,0.07778290470126117,0.9757,0.0007802431446274125,0.002942961916797984
he,89250,40,0.024788951297793627,0.99514,0.08011021124608865,0.9756,0.0007735679067329212,0.0029140911826800175
he,89250,41,0.023905287453176778,0.9952,0.07797588214673785,0.9769,0.0007497473193263306,0.002810463498908759
he,89250,42,0.022971897794199447,0.9956,0.07938727621815884,0.9762,0.000739501186225604,0.002752311833282334
he,89250,43,0.02236429621181823,0.99586,0.07815384760330285,0.9769,0.0007373298855178222,0.00273518593586193
he,89250,44,0.021385396216477375,0.99612,0.07820232179064532,0.9769,0.0007197251662463392,0.0026620685562877126
he,89250,45,0.020570215664578062,0.99642,0.07966058431679642,0.9762,0.0006933131478714318,0.002555641372785876
he,89250,46,0.019886392268276962,0.99658,0.08008731052447524,0.9767,0.0006809402368024994,0.002503731454528053
he,89250,47,0.01935592259235632,0.99698,0.07979886076559144,0.9769,0.000672228882136069,0.0024600510266119696
he,89250,48,0.018774728822275058,0.99706,0.0773545160488976,0.9764,0.0006656684300417752,0.002429819447059675
he,89250,49,0.018117771477556294,0.99744,0.0780546929034209,0.9772,0.0006563345420986677,0.0024086201138459255
he,89250,50,0.017592476192079206,0.99742,0.07916635117596205,0.9765,0.0006437337351352821,0.002343993320975681
he,89250,51,0.01697099975838212,0.99754,0.07924208011660941,0.976,0.0006240397572474351,0.0022826695176667057
he,89250,52,0.016423156538693005,0.99762,0.07823038324355797,0.9769,0.000623421263689363,0.0022765932224198754
he,89250,53,0.015824129701470437,0.99802,0.07868402378693061,0.9768,0.0005974886293530593,0.002155947842451928
he,89250,54,0.01531511686917528,0.998,0.07923619983377046,0.9766,0.0005861932603937962,0.002130968048777537
he,89250,55,0.014946757475815317,0.99814,0.07834861496179175,0.9772,0.0005793242996719997,0.002087757666588787
he,89250,56,0.014433460307644327,0.99848,0.07992693905749272,0.9769,0.0005702469354484086,0.002060260941766199
he,89250,57,0.013992323898920595,0.99832,0.07767006742359654,0.9778,0.0005603634759238387,0.0020307917902210753
he,89250,58,0.013662702816475471,0.9985,0.07854864285640309,0.9776,0.0005457420646099691,0.0019656849223129314
he,89250,59,0.01312166676080579,0.99878,0.07905413635466933,0.9767,0.0005359267678690932,0.0019285139117537345
he,89250,60,0.012779932761388316,0.99884,0.07862494246841045,0.9766,0.0005195143685355684,0.0018507581218518109
he,89250,61,0.012434137919136836,0.99884,0.07824023926762973,0.9774,0.0005127575664651149,0.0018428029478480578
he,89250,62,0.012094828941030504,0.99894,0.07817035679127075,0.9773,0.0005075289977491119,0.0018238232418645378
he,89250,63,0.011730691098733271,0.9991,0.07832712666456833,0.9774,0.000499664520642284,0.0017781532648786023
he,89250,64,0.01143656550401913,0.99912,0.0797812510695633,0.9767,0.00048213081268730953,0.0017107734545898164
he,89250,65,0.01112881375863855,0.9991,0.07893437413931434,0.9776,0.00048001206667570905,0.00170416725356828
he,89250,66,0.010806054646253347,0.99926,0.07932412160527968,0.9775,0.00046642468738505584,0.0016570175132684013
he,89250,67,0.010532650461902285,0.9992,0.07986796078514609,0.9775,0.0004591090924243991,0.0016364365518366166
he,89250,68,0.010173805907284419,0.99934,0.07927494916778985,0.9774,0.00044587069199444456,0.0015804407274309102
he,89250,69,0.01003149179914916,0.99924,0.07999147627072747,0.9779,0.0004524963571034679,0.0016062566653407698
he,89250,70,0.009715540547555884,0.9993,0.0811576872428966,0.9779,0.00044012692364159094,0.001562560183815044
he,89250,71,0.00946162186958066,0.99942,0.08016298354358359,0.9774,0.00042951320364564594,0.0015172448482255318
he,89250,72,0.009227036286675844,0.99942,0.08049695189019757,0.9781,0.00042374547038911563,0.0015009918352061917
he,89250,73,0.008970417713783181,0.99956,0.08087957115104377,0.9779,0.00041057086406901623,0.0014413509298112628
he,89250,74,0.008818284388437658,0.99948,0.07997053346334308,0.9776,0.0004092052735427223,0.0014416954342833313
he,89250,75,0.008519987559627554,0.99948,0.08118071918865617,0.9771,0.0003911554238312972,0.0013731892565976846
he,89250,76,0.008311870568488732,0.99958,0.08068879453948243,0.9772,0.00038614401533358384,0.001350744542043025
he,89250,77,0.008181992303284865,0.99946,0.08110368642916488,0.9777,0.0003903028776640909,0.0013757943931278255
he,89250,78,0.007924232932369818,0.99958,0.08028607340240106,0.978,0.0003736283885859944,0.0013112352475772033
he,89250,79,0.007790384168552297,0.9996,0.08091234557038134,0.9778,0.0003743260377149117,0.0013080447539439363
he,89250,80,0.007550421831974835,0.99966,0.08177354088873176,0.9776,0.0003575580177985963,0.0012484294137528888
he,89250,81,0.007430629206946549,0.99968,0.08124944092718972,0.9781,0.00035751722892487776,0.0012496100475490953
he,89250,82,0.007258502940420033,0.99964,0.08175607422756316,0.9778,0.00035228498651390975,0.0012302241381685149
he,89250,83,0.007113838804610912,0.99966,0.08211016019795181,0.9777,0.00034898786961509774,0.0012245412228582637
he,89250,84,0.006974214714318677,0.99966,0.0819768742795095,0.978,0.00034455589300272675,0.0012050170401089917
he,89250,85,0.0067985205575156905,0.99974,0.08136143759243475,0.9783,0.0003322760046674192,0.0011548713727885286
he,89250,86,0.006625415734959814,0.99968,0.08225627777877548,0.9781,0.0003269448067806917,0.0011412233770714745
he,89250,87,0.006497021345629088,0.9998,0.0821897173208361,0.9782,0.0003275546534578099,0.0011376661694495757
he,89250,88,0.006368250815957555,0.99976,0.08247582575043441,0.9779,0.0003183336980066484,0.0011014986294507394
he,89250,89,0.006240757727267143,0.99976,0.08195178079436953,0.9781,0.00031533915896936196,0.0010908076686936199
he,89250,90,0.006101162880538456,0.9998,0.08264618274880815,0.9782,0.00031343512426547246,0.0010900013543317388
he,89250,91,0.005971929252706767,0.9998,0.08238488172000341,0.9781,0.0003009262653652623,0.001046873927933959
he,89250,92,0.005860322763847383,0.99982,0.0819714425555652,0.9783,0.0002988846303070317,0.0010363144490076275
he,89250,93,0.00574127817460381,0.99982,0.08240329065875365,0.978,0.0002944718832052381,0.0010157788029750074
he,89250,94,0.005626099461652848,0.99982,0.08276476462581175,0.9777,0.00028842799166241354,0.0009977615571242888
he,89250,95,0.005535502898044034,0.9998,0.08314195032785686,0.9772,0.00028538737120958804,0.000990256621517927
he,89250,96,0.005443577364517415,0.99982,0.08357338733420729,0.9781,0.00027982306053712903,0.0009689444752029527
he,89250,97,0.005323883986166306,0.99982,0.08351187084369545,0.978,0.0002788029727701611,0.0009639627106224206
he,89250,98,0.005197954445366104,0.99988,0.0831572194232596,0.9783,0.0002730872054765515,0.0009399467568521575
he,89250,99,0.0051545214927354735,0.99982,0.08377841896483793,0.9781,0.0002714907724525139,0.0009392871167142513
he,89250,100,0.005013795600463921,0.9999,0.08355324989594677,0.9779,0.0002626253738331832,0.0009056320861900603
he,773955,1,0.4930235243612756,0.86528,0.31113664400333374,0.9104,0.0019783332750207506,0.011460863338640211
he,773955,2,0.27717902136052336,0.92132,0.2507817485562879,0.9287,0.0016407894271060106,0.009118011940078162
he,773955,3,0.22866298666267942,0.93578,0.23217851125206557,0.9303,0.0015696545383199717,0.008290259435050925
he,773955,4,0.1954629318180007,0.94524,0.19192711799249934,0.9451,0.0014870556214954035,0.007531342129103336
he,773955,5,0.17126358581387088,0.95226,0.16654656568735562,0.9532,0.0014422013826904299,0.006984499996395365
he,773955,6,0.15262634687682222,0.95744,0.1543496034294987,0.955,0.0013991260987677421,0.00663791557151882
he,773955,7,0.13719195398330034,0.96212,0.14725602367455196,0.9578,0.001355977830458876,0.006275747032248239
he,773955,8,0.12527620037568069,0.9648,0.13721264345308443,0.9602,0.0013433793550895706,0.006149476011481564
he,773955,9,0.11495571227805265,0.96818,0.12857867747976912,0.963,0.001323033014985312,0.0060189965134138795
he,773955,10,0.10612036772069397,0.97018,0.12660417536622848,0.9633,0.0012824532904867007,0.005729665648272049
he,773955,11,0.09846769523425435,0.97266,0.11468795446527759,0.9677,0.0012580864264109075,0.005513220279934423
he,773955,12,0.0915454848750973,0.97442,0.11240378556824866,0.9673,0.0012336081233254384,0.005370531113474377
he,773955,13,0.08529870077042631,0.97682,0.10843687735446886,0.9684,0.0012130792505055364,0.00520665452714894
he,773955,14,0.08019669483919387,0.97816,0.10293965247012277,0.9693,0.00118841002566692,0.005060743049268451
he,773955,15,0.07535282801149894,0.97974,0.10127087140544716,0.9705,0.0011671117392205233,0.004927508899012644
he,773955,16,0.07117472588432831,0.98096,0.09859565974135585,0.9695,0.001151734892598192,0.0048148481121560996
he,773955,17,0.06736200779964047,0.98142,0.09545966101772363,0.9712,0.001139173132157442,0.004766450441567708
he,773955,18,0.06373929743156782,0.9828,0.09386716938557159,0.9718,0.0011187535626444138,0.004628864820307013
he,773955,19,0.060545442083045464,0.9841,0.09309598020871301,0.9709,0.0011114332386513164,0.004629415808147768
he,773955,20,0.0571591624867675,0.98488,0.08801273759508962,0.9731,0.0010633545222796148,0.004289095284639691
he,773955,21,0.054533885211836004,0.98566,0.09030747605166839,0.9724,0.001063491136663659,0.0043334843147916505
he,773955,22,0.05171443965489478,0.9865,0.08708622549683318,0.9731,0.0010315734542010613,0.004170995625387765
he,773955,23,0.0493318507405232,0.9872,0.08628666922332169,0.9747,0.001027911332475729,0.004159207757271633
he,773955,24,0.04729236081368903,0.98786,0.08668898019024954,0.9735,0.0010184569517752852,0.004068278238871158
he,773955,25,0.045226930217304624,0.98896,0.08537231810576705,0.975,0.0010002116363402491,0.003961489241732895
he,773955,26,0.04303566510997338,0.98924,0.08318651855312348,0.9742,0.000977354035702541,0.0038862349770318037
he,773955,27,0.04126383853403777,0.98976,0.08285813543553897,0.9745,0.0009647908205592241,0.003803156150001299
he,773955,28,0.039381896959347344,0.99014,0.08185431967038731,0.9748,0.0009509700654323671,0.003767358135610026
he,773955,29,0.0376081405026432,0.9909,0.08300213585195304,0.975,0.0009236839497267565,0.003579431824115865
he,773955,30,0.03607474930855315,0.9914,0.08284303430730137,0.9747,0.0009199923647789857,0.003577754506674646
he,773955,31,0.0346156905637653,0.99218,0.08155342161278242,0.9751,0.0009056017724761113,0.0035364260579807093
he,773955,32,0.033270330067522995,0.99232,0.0795922628594776,0.976,0.0008795265810130468,0.0034044361763677345
he,773955,33,0.03174670461868446,0.99308,0.07791157576884222,0.9766,0.0008608188309834946,0.003299953790155602
he,773955,34,0.03039780213265206,0.9932,0.08240800982839105,0.9748,0.0008495106733119747,0.0032632351714011122
he,773955,35,0.029441066360042397,0.99374,0.07736951126834272,0.9766,0.0008443989209890947,0.0032307694654479663
he,773955,36,0.02817879231919704,0.9938,0.07811040533784025,0.9768,0.000820171596673307,0.0031364317045732867
he,773955,37,0.027148137619885902,0.99432,0.07856903751390784,0.9757,0.0007994049849955,0.003041413658824092
he,773955,38,0.026068853766012073,0.99466,0.07767325713505045,0.9764,0.0007920539848148542,0.003018726282419663
he,773955,39,0.025150302517902734,0.99512,0.0772132298026395,0.9764,0.0007712326348939824,0.0028949539827434092
he,773955,40,0.02416470783175943,0.9957,0.07851803907855147,0.977,0.0007551130251971653,0.0028268613463166377
he,773955,41,0.023213773099633007,0.99584,0.07777781366637936,0.9759,0.000738703169744597,0.0027575277646111514
he,773955,42,0.0223468525258464,0.99614,0.0788487984486099,0.9764,0.0007212184417553244,0.002684255739737663
he,773955,43,0.02150022224831358,0.99622,0.07751359959159759,0.976,0.0007088859034406942,0.0026521304509499644
he,773955,44,0.020762435995584628,0.99668,0.07702977148794089,0.9764,0.0006985183983121046,0.002595467292856162
he,773955,45,0.02020021855189969,0.99672,0.0771702869949894,0.9766,0.0007015920846528195,0.002614910255202222
he,773955,46,0.01929375169626988,0.99708,0.07825992328707466,0.9769,0.0006696308823930915,0.002484686554035655
he,773955,47,0.01878606409731518,0.99722,0.07732960780396422,0.9771,0.0006632653404240273,0.002464289066225371
he,773955,48,0.01800735249017253,0.9975,0.07665233109544654,0.977,0.0006347247878346506,0.002337480694171758
he,773955,49,0.017328494782870563,0.99772,0.07798099204005633,0.9768,0.00062305484914171,0.002294414930035773
he,773955,50,0.016790911278797716,0.99778,0.07727332153443187,0.9766,0.0006172889799474887,0.0022701155808413477
he,773955,51,0.01630533587044094,0.99782,0.07793444962863642,0.9764,0.0006143433308485252,0.0022584718823428886
he,773955,52,0.01580657466506999,0.99808,0.07806339548116796,0.9768,0.000596662976715453,0.002173729238371547
he,773955,53,0.015418035803176456,0.99814,0.07812359231129817,0.9765,0.0005935916388268914,0.0021795673684759523
he,773955,54,0.014779352129546855,0.99828,0.07790361741372775,0.9769,0.0005742288255944884,0.0020933581793213924
he,773955,55,0.014287750123627338,0.99828,0.07821372979438784,0.9773,0.0005642684110864597,0.002065330484662525
he,773955,56,0.013867346004211495,0.99832,0.07802951716996337,0.9774,0.000554239200365928,0.002010239294794517
he,773955,57,0.013458090961991439,0.9985,0.07872934819889063,0.9769,0.0005473364819630919,0.0019950162955876
he,773955,58,0.012974569701426016,0.99864,0.0765242201184729,0.9781,0.0005226843478471566,0.0018977070370908334
he,773955,59,0.012554771476648584,0.99882,0.07701025224428368,0.9768,0.0005102602806590974,0.0018432656644296714
he,773955,60,0.012227985032713757,0.99896,0.07739213165047938,0.9771,0.0005093519875841387,0.0018476174839196537
he,773955,61,0.011888384206347911,0.99896,0.07783450463400593,0.9766,0.0004970620182837637,0.0017894169896473342
he,773955,62,0.011498063633769873,0.99896,0.07667771056087559,0.9768,0.000491872663595658,0.0017643066036550203
he,773955,63,0.011088400403971072,0.99916,0.0778267054516399,0.9772,0.00047572819156262977,0.0016988228357654358
he,773955,64,0.010884137591456481,0.99918,0.0783822965504577,0.9772,0.00046683000497830976,0.0016699498753472636
he,773955,65,0.010575595435733783,0.9992,0.07909446191862803,0.9771,0.0004627244949405046,0.0016506172215133275
he,773955,66,0.010311559241288189,0.99926,0.07890433281385341,0.9782,0.0004532959665082797,0.0016233172835570676
he,773955,67,0.010057950297053846,0.99932,0.07846707093513602,0.9777,0.00045066222250229594,0.0016180499522388295
he,773955,68,0.009759852052308567,0.99936,0.07904612548111305,0.9769,0.00043990190434777026,0.001575656203793913
he,773955,69,0.009467078908890517,0.9994,0.07917308088830628,0.9775,0.0004299028512100769,0.001536820407308887
he,773955,70,0.009216495257587854,0.99934,0.07841793722509816,0.9768,0.0004194806250984797,0.0014956079798379876
he,773955,71,0.008938452185697717,0.99942,0.07872380611788343,0.9773,0.00040981878177539903,0.0014581077294203435
he,773955,72,0.008757251143275767,0.99938,0.07883061662985091,0.9773,0.0004032683800134205,0.0014302533557171812
he,773955,73,0.008481925156006202,0.99952,0.07876807651754313,0.9776,0.0003941996545526882,0.001396351950468474
he,773955,74,0.008255743757810846,0.99954,0.07867428441440331,0.9777,0.00038371116370969436,0.001363294076332487
he,773955,75,0.008091368103020424,0.99956,0.07934992590425885,0.9773,0.0003814979119524366,0.0013549757616281638
he,773955,76,0.007926309513717268,0.99958,0.07890587212072024,0.9776,0.0003755430359370761,0.0013280639376480406
he,773955,77,0.0076941734860916326,0.99966,0.07988676017189565,0.9772,0.0003664400866918315,0.001294573010591926
he,773955,78,0.007560149718902722,0.99966,0.07967521180971573,0.9776,0.00035847831991621935,0.0012694518511318792
he,773955,79,0.0073528525085746295,0.99966,0.07971421118386167,0.9776,0.00035718789892321697,0.0012613836949794885
he,773955,80,0.007221267978240425,0.99974,0.07921005030918037,0.9779,0.00035265689478766884,0.0012395011750608229
he,773955,81,0.007006035822398029,0.99974,0.07953071242579811,0.978,0.00034127326911153873,0.0011989793055491747
he,773955,82,0.00689413484068255,0.99976,0.07935953605460741,0.9782,0.00033683869456545756,0.00118714553094403
he,773955,83,0.006711659249768667,0.99976,0.07967468645647847,0.978,0.00033064206973704434,0.0011649219266470937
he,773955,84,0.006575765202490933,0.99976,0.08035841500585546,0.9785,0.0003319125642258283,0.001168731107233473
he,773955,85,0.006376202375675113,0.99986,0.08009524258085628,0.9779,0.00031480213518274823,0.0011115719820936098
he,773955,86,0.006281729333493422,0.99974,0.08010469697018754,0.9778,0.0003148021227327292,0.0011106520578963996
he,773955,87,0.006136295613806662,0.99984,0.0803076577194384,0.978,0.0003092856607361879,0.0010859938002569145
he,773955,88,0.0060182972235958915,0.99982,0.08091354751635998,0.978,0.0003092424546314071,0.00108830942752904
he,773955,89,0.005857954427959965,0.99984,0.08099477525628429,0.9781,0.0002977564741129828,0.001042347470168016
he,773955,90,0.005742516486629595,0.9999,0.08100579009350453,0.9779,0.0002904324723979881,0.0010169121928680505
he,773955,91,0.005654024521283714,0.9998,0.08172527834184279,0.9775,0.0002905349477459208,0.0010161139847150065
he,773955,92,0.005522241364677419,0.99992,0.08098278077233995,0.9779,0.00028340026551665993,0.0009876157828411214
he,773955,93,0.005434211760549864,0.99988,0.08159203959462624,0.9781,0.00028079379732359093,0.000981417809567723
he,773955,94,0.005326704357021146,0.99988,0.08083875381756186,0.9778,0.00027556313687894307,0.000955639642042225
he,773955,95,0.005226323572805346,0.99986,0.08115197669470886,0.978,0.00027052879469955374,0.0009480802242983832
he,773955,96,0.005134317302170016,0.99986,0.08192739669787474,0.9775,0.0002691219917970439,0.0009389405232225118
he,773955,97,0.005023982692365368,0.99986,0.0817510561947788,0.9779,0.0002635887142714797,0.0009166857396578328
he,773955,98,0.004923997427989892,0.99994,0.08162377266790058,0.9781,0.00025985757158775884,0.0009047517257593982
he,773955,99,0.004842603685666477,0.99994,0.08178635515312602,0.9776,0.00025425436446625317,0.0008832212740640176
he,773955,100,0.004769496514765579,0.99992,0.08154934169716341,0.9785,0.0002526703633888077,0.0008794018684496551
large,654571,1,6.026336276455921,0.7936,2.371459843659797,0.8501,0.009623305313280789,0.09686714715972879
large,654571,2,1.7094846944823112,0.8761,1.387990715123793,0.8793,0.004679031636588702,0.058614767885709046
large,654571,3,1.121130119391845,0.89174,1.0277149095628422,0.8904,0.00343898365825209,0.05016354517790708
large,654571,4,0.833177574965049,0.901,0.9003215578309739,0.8827,0.0027581623232854863,0.04598519376905902
large,654571,5,0.673801427275359,0.90552,0.6816712034909005,0.8997,0.0023075707538641986,0.04325049406187855
large,654571,6,0.56305080667019,0.90968,0.6028046145555084,0.9008,0.00200277160934352,0.04120579258040145
large,654571,7,0.48468664071984663,0.9134,0.5687734470894873,0.8991,0.0017458369700130586,0.039128642476995934
large,654571,8,0.4345880100532904,0.91544,0.4941584861710779,0.9076,0.0015662937874361433,0.038536557860795934
large,654571,9,0.38987564796272806,0.9201,0.45366261995676166,0.911,0.001415183928687478,0.03639950565538473
large,654571,10,0.3573470474366427,0.92182,0.45361301977001584,0.9086,0.001304247293354493,0.03541298365424814
large,654571,11,0.3312585811156537,0.92464,0.40278053340067943,0.9128,0.0012119655375741468,0.0345041823244926
large,654571,12,0.310554580016286,0.92636,0.39236019881047307,0.911,0.001126837774205962,0.0330677429809784
large,654571,13,0.29572907151171846,0.92686,0.36521549678419646,0.9175,0.0010760496952965926,0.033677052706219325
large,654571,14,0.2823891825969075,0.92928,0.37081459583267906,0.9137,0.001029358067821145,0.03295241044947278
large,654571,15,0.2678218750966092,0.93216,0.3484704557490162,0.9182,0.000968198239016967,0.032009595269643885
large,654571,16,0.25625267473366936,0.93326,0.37481463001682014,0.9101,0.0009396270252981101,0.03157851403762084
large,654571,17,0.24709088533350324,0.9346,0.32647484116709014,0.9214,0.0009033479392956703,0.030784162004534706
large,654571,18,0.2386198523796701,0.9367,0.3210634434274516,0.9205,0.0008764485213904551,0.030237625605629485
large,654571,19,0.2318917810698267,0.93798,0.31311462843533666,0.9235,0.000844715428125925,0.03015682845535439
large,654571,20,0.2247839615183327,0.93828,0.31081105231994777,0.9225,0.0008331371199852644,0.029972751470025902
large,654571,21,0.21776634380862353,0.93888,0.3000486933218605,0.925,0.0008091866705782451,0.029114592932036294
large,654571,22,0.21339461703538382,0.94102,0.3410914195261889,0.9136,0.0007901625854308866,0.028866252685227536
large,654571,23,0.20734506368822164,0.94216,0.29241722050044566,0.9277,0.000766589520460128,0.02867991416574114
large,654571,24,0.20136279495063095,0.94358,0.2933482014102816,0.9251,0.0007503158575292254,0.027786130363046706
large,654571,25,0.19823613402099868,0.94424,0.2984083038202813,0.9254,0.0007491703843544342,0.02824637610278296
large,654571,26,0.19440095623246575,0.94536,0.2836808007640406,0.9281,0.0007348349202447787,0.027875886109452304
large,654571,27,0.19100710226949072,0.9462,0.28652906965797886,0.9284,0.000721272853816578,0.027724941035459146
large,654571,28,0.18725905018914596,0.94676,0.2886671592095762,0.926,0.0007173010793062892,0.02746611137791229
large,654571,29,0.18342606458701508,0.94794,0.2719537820960357,0.9307,0.0006994307256233363,0.02700269813017306
large,654571,30,0.17983194731106164,0.94986,0.27598513166044747,0.9288,0.0006925924201669276,0.026510216403855754
large,654571,31,0.17602555041568183,0.9494,0.27423404408166696,0.9313,0.0006849848179128683,0.026532507223055696
large,654571,32,0.1724380748136934,0.95066,0.2665209324281059,0.9295,0.0006698487461057677,0.025950622385803687
large,654571,33,0.1720213644786186,0.9505,0.2708168255578166,0.9294,0.0006715251858711254,0.026237948387704182
large,654571,34,0.16794968411047437,0.95156,0.26392727573615476,0.9323,0.0006624102215456408,0.025692110491478414
large,654571,35,0.1661110465712734,0.95316,0.2776144698825335,0.928,0.0006577849856415117,0.02581803396088162
large,654571,36,0.16336143799349528,0.95334,0.26166886618005497,0.9322,0.0006489612030710354,0.02549006699944048
large,654571,37,0.16063599266671966,0.9536,0.2554408305818064,0.9333,0.0006403214329854241,0.02511650397337595
large,654571,38,0.15853059381229062,0.95468,0.26731153312205863,0.9309,0.0006352804762855552,0.024907746436798935
large,654571,39,0.15463818265216084,0.95638,0.2878059650908929,0.9255,0.0006236956375319994,0.024581612987976106
large,654571,40,0.15363296530573917,0.95506,0.2494212487792323,0.9355,0.000626526896143486,0.02469711720863882
large,654571,41,0.15131920054310935,0.95586,0.261660809385952,0.9335,0.000616686163285446,0.024486138090184944
large,654571,42,0.1485180574473023,0.95674,0.24779475130289247,0.9347,0.0006190395039557181,0.02432998705067797
large,654571,43,0.1467711578112805,0.95698,0.2541855565912028,0.9345,0.0006102704594264453,0.023993402939353942
large,654571,44,0.14468935832747631,0.9582,0.25748869780225725,0.9341,0.0006034867213603721,0.02376849814560042
large,654571,45,0.1431854305364499,0.95828,0.26163292978221997,0.9322,0.0006050288036193288,0.0237172753790016
large,654571,46,0.1401721720704411,0.95876,0.252926146719793,0.9359,0.0005941378800584755,0.023357195501245903
large,654571,47,0.1400433108694811,0.95924,0.2468470483547177,0.9361,0.0006020391853975521,0.023657771928540024
large,654571,48,0.13818169761560037,0.96002,0.24539017391437457,0.9359,0.0005988703268747228,0.023447204626766204
large,654571,49,0.1368509715027037,0.96072,0.24253014412825546,0.9384,0.0005975809756439046,0.02365442648334446
large,654571,50,0.13483755543718948,0.96108,0.25445582229510144,0.9341,0.0005802712054820761,0.02289145215057942
large,654571,51,0.13432391009506126,0.96078,0.24566211060567844,0.9377,0.0005881894806834607,0.02316904776881731
large,654571,52,0.13081085629008277,0.96252,0.24675780164418656,0.9369,0.0005779075204505955,0.02242594785080745
large,654571,53,0.1290754223074004,0.962,0.2559741410807249,0.9354,0.0005757687785915834,0.022499179358262605
large,654571,54,0.1270073276996139,0.96296,0.25554167310858694,0.9352,0.0005738787434910292,0.022061185849298493
large,654571,55,0.12716153845856867,0.96226,0.23403633593057901,0.9409,0.0005755358406096897,0.0224873907851683
large,654571,56,0.12452688821637763,0.96352,0.26057717643528333,0.9328,0.0005692164734303096,0.02202455930564617
large,654571,57,0.12432770606658658,0.96376,0.24609027690479798,0.937,0.0005692077800765475,0.02215582356187991
large,654571,58,0.12176428808396164,0.96414,0.23326373420137447,0.9406,0.0005609952671967856,0.02162351021045194
large,654571,59,0.12073718928590325,0.96442,0.24323794302416413,0.9383,0.0005603354542228677,0.02177097986743822
large,654571,60,0.12021196602801681,0.9647,0.23718780632085398,0.9394,0.0005622612582255357,0.021737031327682524
large,654571,61,0.11770845692609591,0.96612,0.2358292204421491,0.9398,0.0005503940041444506,0.021257990904218784
large,654571,62,0.11707663931630247,0.96548,0.23757009372794713,0.9407,0.0005555597732662391,0.021516960749252963
large,654571,63,0.11580934286135158,0.9663,0.23637083602783968,0.9401,0.0005547566789527738,0.021396277198359893
large,654571,64,0.1134299202534751,0.96626,0.23348007435863302,0.941,0.0005470985732819897,0.02079779597134384
large,654571,65,0.11318327828421769,0.9669,0.2334681496710292,0.9408,0.0005454185057535153,0.02103565303603856
large,654571,66,0.11196108263774587,0.96726,0.23117619199563627,0.9413,0.0005440509781283698,0.020793785411981076
large,654571,67,0.11126130411087468,0.96716,0.2353214081321612,0.9399,0.000546132621414374,0.020972078627608408
large,654571,68,0.10931956906822522,0.96778,0.2399059672185119,0.9394,0.0005387348049130494,0.02051336015530218
large,654571,69,0.1082279029968107,0.96802,0.23429971918088172,0.9407,0.0005436666532111242,0.02053389658915607
large,654571,70,0.10773384154116787,0.96868,0.2269645424911525,0.942,0.0005380022791062816,0.020435418753309134
large,654571,71,0.10560188312030022,0.96892,0.2408116760561872,0.9408,0.0005388067656396604,0.020126702301537444
large,654571,72,0.10447112448843432,0.96892,0.23409764927867346,0.9422,0.0005363129944571173,0.02011772381498516
large,654571,73,0.10411705149274518,0.97046,0.22803155291965427,0.9424,0.0005305347369405538,0.020097307665731968
large,654571,74,0.1030039731015211,0.96978,0.23296340533833418,0.9414,0.0005332159593170702,0.02002472387538516
large,654571,75,0.10161846044777716,0.97036,0.229238844419115,0.9427,0.0005310957977953634,0.019810319718384182
large,654571,76,0.1013353391082774,0.97022,0.2550975655079664,0.9371,0.0005322493625156141,0.01996782650760036
large,654571,77,0.10076638738117574,0.97034,0.22766704333220936,0.9429,0.0005296024360705529,0.01992535518875086
large,654571,78,0.09910401643884044,0.97118,0.2322383578846884,0.9431,0.0005235290994716989,0.019589702953361553
large,654571,79,0.09792447179123287,0.97098,0.239571064983399,0.9423,0.000526289372647686,0.019595210093671572
large,654571,80,0.09738999620381388,0.9712,0.23091778870345392,0.9421,0.0005222962984815612,0.019293936092998475
large,654571,81,0.09592735027347435,0.97214,0.22911148068803205,0.9436,0.0005220500994696464,0.019243326443253383
large,654571,82,0.09547643079628254,0.97162,0.25975063843547863,0.9343,0.0005179189806108991,0.019234252452285328
large,654571,83,0.09391154088066823,0.9719,0.22910181063246488,0.9428,0.0005194618142503598,0.019100674343726382
large,654571,84,0.09375689565299362,0.97198,0.2298644736316728,0.9452,0.0005203844504083517,0.018955863291862943
large,654571,85,0.09238355338028688,0.97236,0.22608584515157498,0.9457,0.0005148764989425276,0.019019129643178128
large,654571,86,0.09140186440053218,0.97352,0.23041330035527627,0.9434,0.000516499836011268,0.01888295341576569
large,654571,87,0.09106550662297222,0.97328,0.22211667145752717,0.9457,0.0005173189332171563,0.018907179201042332
large,654571,88,0.08938162035926815,0.97328,0.22842232206677526,0.9446,0.0005132882620522863,0.018553566028054927
large,654571,89,0.08853815714427316,0.97374,0.23207736799418044,0.9444,0.0005116628168052798,0.01862803840395823
large,654571,90,0.0882361843169255,0.97438,0.22315472383317428,0.9465,0.0005093303901810824,0.018370063762906858
large,654571,91,0.08722678790470578,0.974,0.23134301217252728,0.9441,0.0005137928928902255,0.018461548901942952
large,654571,92,0.08617715753413382,0.97478,0.22706652905346408,0.9454,0.0005063436046000027,0.018092482591411586
large,654571,93,0.08523701791148505,0.97536,0.23025454995400055,0.9436,0.0005099057667408409,0.018131579860199337
large,654571,94,0.08404713211868745,0.97502,0.22800547251493486,0.9455,0.0005009508694997004,0.01787396319967333
large,654571,95,0.08298960359217983,0.97572,0.23008095884171062,0.9458,0.0004976377158611249,0.017615603418829034
large,654571,96,0.08217656784823936,0.97602,0.24204686194813704,0.9408,0.0004951713385818454,0.01744854388821172
large,654571,97,0.0822129195775427,0.97554,0.22589427618661856,0.9457,0.0005069194747313353,0.017851874131525367
large,654571,98,0.08023337129026087,0.977,0.23519383229446203,0.9433,0.0004975890977346568,0.01750397900209393
large,654571,99,0.08054302199121148,0.9758,0.22587741548172685,0.9458,0.000500980392606392,0.0175933426767694
large,654571,100,0.0794976152493371,0.97652,0.22293384469159472,0.9475,0.0005025321296534266,0.01755191189527485
large,89250,1,5.508178647825401,0.78988,2.282457695162155,0.8528,0.009230237413003545,0.09410174255207887
large,89250,2,1.753065947386511,0.87068,1.5548298838739694,0.864,0.004671073036578655,0.06121155327076386
large,89250,3,1.169982389720321,0.88454,1.1131123785916104,0.8844,0.003467004000593708,0.05314035579955914
large,89250,4,0.8837739423625852,0.892,0.912386465387695,0.8865,0.0027727014954841765,0.04877526526478912
large,89250,5,0.7110397211142732,0.89544,0.8191950945479826,0.8805,0.002307704929886528,0.045948884811620565
large,89250,6,0.5950154036142891,0.90018,0.6730653378549175,0.8912,0.0019704570254951816,0.04341174271305637
large,89250,7,0.5128697721373316,0.904,0.5921767326983567,0.8955,0.0017313570082581726,0.040739503000308416
large,89250,8,0.45378752082566376,0.90716,0.542919042358527,0.9022,0.0015390299692939005,0.03864482983098148
large,89250,9,0.4142740318512649,0.91216,0.528104575004636,0.8969,0.0013992511676882491,0.037224552298830885
large,89250,10,0.3813311154693411,0.91316,0.542947425967455,0.8862,0.001301953452822853,0.036663748581652604
large,89250,11,0.3582878461578179,0.91576,0.4449834797566502,0.9075,0.001224099578428235,0.03582481145004169
large,89250,12,0.33238232779508153,0.91928,0.5045103819750013,0.885,0.0011349732849860253,0.03391076396672599
large,89250,13,0.3172631309718293,0.92162,0.4254391756034166,0.9041,0.001079232355415907,0.033607711427480105
large,89250,14,0.30000208753480745,0.92378,0.41630508803669275,0.9057,0.0010214054615625746,0.03245849586172237
large,89250,15,0.28761818834686464,0.92518,0.3845158857215233,0.9107,0.0009797400709599068,0.03243159593430501
large,89250,16,0.2760912211880227,0.92792,0.3811719143119969,0.9107,0.0009340140811966073,0.03145777923447805
large,89250,17,0.2661998192559867,0.92898,0.37131628969805197,0.91,0.0009036189578807981,0.03083302613110696
large,89250,18,0.2575462105674951,0.9313,0.3503886542474728,0.9171,0.0008796773036333709,0.030462528168318587
large,89250,19,0.25045544612661547,0.93226,0.369863762088978,0.9118,0.0008489685630737358,0.03010106484071536
large,89250,20,0.24377044776646709,0.93276,0.3972444309617636,0.901,0.0008331441133701471,0.02967831106783434
large,89250,21,0.2345373102121283,0.9349,0.3539786838176391,0.9152,0.0008067762397398954,0.02889297897514264
large,89250,22,0.2310809314858295,0.93616,0.32540447686056007,0.92,0.0008051340504653658,0.029156628951906707
large,89250,23,0.22410717582099557,0.93818,0.32878883250471225,0.9218,0.0007737625017677588,0.028346736034023243
large,89250,24,0.21961973208449714,0.93864,0.3283789134106813,0.9193,0.0007657289336779002,0.02813202438680257
large,89250,25,0.21493124373283307,0.9394,0.3234161917498035,0.9211,0.0007483957912780138,0.028115683648763982
large,89250,26,0.2095569400571471,0.94222,0.3367273850040635,0.9202,0.0007316459550295456,0.027440597304833836
large,89250,27,0.20637103413175112,0.94216,0.3118635075482712,0.9258,0.0007250312766686205,0.027508013808342526
large,89250,28,0.20216861350900442,0.94368,0.3136288748153513,0.9223,0.0007218464993770397,0.027279550458163663
large,89250,29,0.19844531079122715,0.94434,0.3313028172450558,0.9174,0.0007033737277065878,0.02680383713135452
large,89250,30,0.1952625251514257,0.94462,0.3171147710627508,0.9219,0.0006951533142287251,0.026458322579837757
large,89250,31,0.1912402096572416,0.94538,0.2954633647043266,0.9274,0.0006882656533667781,0.026581105780320875
large,89250,32,0.18757930242296686,0.94638,0.29691187359680943,0.9267,0.000682683987108322,0.026193458099776305
large,89250,33,0.1846412951412659,0.94756,0.3091615667252386,0.9213,0.0006694964971386336,0.025851236754689075
large,89250,34,0.18104879616634043,0.94816,0.3023938260176083,0.9241,0.0006587671713862232,0.025355972989785727
large,89250,35,0.17861932046102535,0.94844,0.29097144393011476,0.9286,0.0006593089544679807,0.02528467772413963
large,89250,36,0.17792448061324642,0.94892,0.2934253311153819,0.9289,0.0006551518321457404,0.025747819490372248
large,89250,37,0.17331416282320147,0.95004,0.2837931001162285,0.9293,0.0006397222458370276,0.02484497866378502
large,89250,38,0.17129884418520275,0.95066,0.2779863182166944,0.9321,0.0006385809426632849,0.024766136868928094
large,89250,39,0.16725329297889846,0.95126,0.27662464262358416,0.9321,0.0006311277563003287,0.024452101355460998
large,89250,40,0.165512547338874,0.95236,0.29351355991182737,0.9279,0.0006230401351302467,0.024362898011051362
large,89250,41,0.16333512633861957,0.95316,0.2819184429201061,0.9288,0.000614235709678291,0.023954525752432218
large,89250,42,0.16133600263460757,0.95252,0.2819166930144336,0.9313,0.0006214793121055085,0.02413095098302889
large,89250,43,0.16007044934138542,0.95362,0.2842736288488417,0.9271,0.0006137664306562906,0.02402133838056038
large,89250,44,0.1574437219370627,0.95324,0.27796311217316716,0.9322,0.000609045670343914,0.024050962667645944
large,89250,45,0.15609742679709765,0.95426,0.2706393618314329,0.9333,0.0006015350668873506,0.023700416424812965
large,89250,46,0.15410886700635448,0.9554,0.2711091509261514,0.9334,0.0005997098582511971,0.023831085000753933
large,89250,47,0.151414042991506,0.95602,0.2795730924777291,0.9315,0.0005980347833029364,0.023390967161619473
large,89250,48,0.14953445314756633,0.95636,0.2679731779818447,0.9339,0.000589971921061828,0.02300638742658403
large,89250,49,0.14758384851824646,0.9571,0.26904588169782767,0.9338,0.0005795664465755711,0.022725532022109793
large,89250,50,0.1460937537802047,0.9573,0.26955615019900725,0.9336,0.0005833081990317948,0.022853617499381005
large,89250,51,0.1443145038710182,0.9584,0.2669450253794678,0.9355,0.0005804935432310961,0.022681650901998213
large,89250,52,0.14384261181915778,0.95928,0.26622990886736103,0.9339,0.0005753406208613847,0.02270130758062149
large,89250,53,0.14117691374912728,0.95902,0.2676439460720289,0.935,0.0005695117512424668,0.022259088237503784
large,89250,54,0.13964965562060036,0.95856,0.268471194790999,0.9339,0.0005701331354611431,0.022270583563017622
large,89250,55,0.13736457125108825,0.9597,0.2618257288038802,0.9354,0.000570221799927004,0.02201426890365617
large,89250,56,0.13593453742488515,0.95992,0.25833792150938373,0.9378,0.0005624144377400129,0.02181372537960535
large,89250,57,0.13453787241178583,0.96008,0.2707092345719213,0.9341,0.0005710614885822878,0.022235107834681165
large,89250,58,0.13339274833196074,0.96052,0.2715406899114627,0.933,0.0005634607247243156,0.021870484738579575
large,89250,59,0.1315650071499882,0.96078,0.27576221557564995,0.9326,0.0005595436444386744,0.021867300305157995
large,89250,60,0.1306808368383765,0.96156,0.26895762083660874,0.935,0.0005537640858252976,0.021599024122464807
large,89250,61,0.12990146879171213,0.96168,0.26262717676814235,0.9348,0.0005545710193724301,0.02163661528758612
large,89250,62,0.12726653622420436,0.9621,0.2582189692100044,0.9384,0.000554005839684267,0.02112236956161645
large,89250,63,0.1264404202576,0.9629,0.26376529704422547,0.9335,0.0005473754170372422,0.021330382490445457
large,89250,64,0.1252371326378947,0.9628,0.2568713099926385,0.9389,0.0005500703742407749,0.021107761583639608
large,89250,65,0.12431627217150129,0.96308,0.26266088483512257,0.9346,0.000544964460308167,0.02101391544927374
large,89250,66,0.12258193999849702,0.96376,0.2539131204822448,0.9393,0.0005451176850786907,0.020868716522368904
large,89250,67,0.12169632481376197,0.96376,0.25854576009263674,0.9384,0.0005422505876674408,0.020832170061746817
large,89250,68,0.12020386399748982,0.96428,0.2534672706611036,0.9377,0.0005426658909276756,0.020716079241551874
large,89250,69,0.1198948896712231,0.96426,0.2680150989598109,0.9368,0.0005492679664990531,0.021002881785692436
large,89250,70,0.11773047989863249,0.96508,0.25976612986937386,0.9368,0.0005383196636557465,0.02067948679826848
large,89250,71,0.11730378940738916,0.9653,0.2564542347242519,0.9383,0.0005415121070469776,0.02055374845510081
large,89250,72,0.11505577299226147,0.96576,0.26332962442947394,0.9386,0.0005356122878571632,0.020163748270579356
large,89250,73,0.11491244356417478,0.96568,0.26461688263819794,0.9369,0.0005345650259534092,0.0202470643152535
large,89250,74,0.11402239143680552,0.96672,0.25703739569028755,0.9386,0.0005304129828024299,0.020245419922953818
large,89250,75,0.11198880853472436,0.9668,0.2541202455647287,0.9407,0.0005299214943151867,0.01996829080456567
large,89250,76,0.11148843655591867,0.96626,0.26965647254822456,0.9356,0.0005320715209069504,0.020156381920156466
large,89250,77,0.1110597522032113,0.96778,0.257124337700466,0.9381,0.0005292080144736758,0.020065737750820628
large,89250,78,0.10975300114514447,0.96776,0.24954434089395708,0.9416,0.0005293975492643592,0.019980025371791374
large,89250,79,0.10862445119304884,0.9677,0.2563805794532179,0.9389,0.0005251221703736536,0.01966350764113267
large,89250,80,0.10776204634059398,0.9683,0.24936201564961202,0.9409,0.0005206385422366444,0.019464702598167793
large,89250,81,0.10623380485283399,0.96906,0.25185932896640206,0.9393,0.0005197732636114321,0.019470968291779075
large,89250,82,0.10520141634292499,0.9686,0.24872589707317028,0.9414,0.0005212881855546643,0.0195096110758922
large,89250,83,0.10460290444195969,0.96924,0.24941245504662687,0.9401,0.0005198413625348541,0.019489350669467193
large,89250,84,0.10344793372770297,0.97026,0.2564138512463837,0.9394,0.0005174718388110438,0.01907643584835862
large,89250,85,0.10263149337722019,0.9697,0.2615420676004683,0.9373,0.0005159274351116637,0.019136544929470926
large,89250,86,0.10135948198870166,0.97032,0.24711769732400193,0.9427,0.0005210895690270085,0.019047533465237323
large,89250,87,0.10090529207957767,0.971,0.2684381515786717,0.935,0.0005069944196516679,0.018776679839614608
large,89250,88,0.09957070994714383,0.97016,0.25376201882444294,0.942,0.0005140168767156419,0.019006653475212566
large,89250,89,0.09851486605011647,0.9716,0.25171559780922587,0.9405,0.000511570261289335,0.018570123108491272
large,89250,90,0.09828151640329276,0.97056,0.25103707853805407,0.9399,0.0005144921486596552,0.018765438274109
large,89250,91,0.09785524889284233,0.97102,0.24898925597815588,0.9424,0.0005104377976523894,0.018564549651959937
large,89250,92,0.09637963999235086,0.9717,0.25453587798133576,0.9403,0.0005074628981931724,0.018488416432762163
large,89250,93,0.09572394199952916,0.9715,0.24688306073627564,0.9435,0.0005085274072339953,0.01832925288242195
large,89250,94,0.09385717731326862,0.97216,0.2505151415313966,0.9431,0.0005073529521239814,0.018159821888533
large,89250,95,0.0939115021317975,0.97294,0.2496041540154217,0.9421,0.0005029639598356109,0.018005097223428627
large,89250,96,0.09333410689842651,0.9725,0.26066550569666225,0.9405,0.0005083114070184214,0.018279446435919756
large,89250,97,0.09241115511577729,0.97266,0.2481798796649432,0.9417,0.0005016868375704132,0.017985118733767392
large,89250,98,0.09011363994883789,0.9731,0.24882511587695108,0.9415,0.0004993463465377109,0.01763144058606912
large,89250,99,0.09067772708302811,0.97324,0.2487437098515415,0.9433,0.0005017195392218898,0.01782183010778236
large,89250,100,0.08964663376937376,0.97328,0.24743040375329764,0.943,0.0004981989983705958,0.017879904845917047
large,773955,1,6.037239223239675,0.79404,2.4850913835942294,0.8615,0.010207484467812188,0.10028516076348058
large,773955,2,1.7592134556955814,0.87728,1.528237831977341,0.8828,0.004850937725317272,0.056925308556511074
large,773955,3,1.1490897933413127,0.89104,1.1343531017929742,0.892,0.0035625400848900385,0.04866933730605001
large,773955,4,0.85064355030826,0.90074,0.9347771744110552,0.8935,0.0028108815685262923,0.04375887193414229
large,773955,5,0.675329642751526,0.90548,0.7728628512059479,0.8969,0.0023204711089185705,0.040703504277618444
large,773955,6,0.5622853365321372,0.90926,0.6881986101309444,0.8973,0.0019927928216071727,0.03867475961189857
large,773955,7,0.483077351928356,0.91242,0.6240792048643438,0.9,0.0017537208116216276,0.03651878168320316
large,773955,8,0.42812719519876774,0.91642,0.584321008115772,0.8966,0.0015625888433709605,0.03546553423378519
large,773955,9,0.38458499023167164,0.91952,0.5203481113198746,0.9024,0.00141611475066827,0.03441086367201964
large,773955,10,0.35355873021327194,0.9212,0.4983602038942374,0.9033,0.0013151603630368026,0.033538567817127794
large,773955,11,0.3256219156711854,0.92384,0.4462545418914401,0.9102,0.001203901937933438,0.03206004297248259
large,773955,12,0.3052318865535797,0.92598,0.42025726072829866,0.9138,0.0011475319241333992,0.03182741026856573
large,773955,13,0.289187591137629,0.9282,0.4113070271999318,0.9113,0.0010784940684197871,0.031045157883084568
large,773955,14,0.2722431040967523,0.93004,0.39119788745451467,0.9158,0.0010112532463297079,0.02977900709732744
large,773955,15,0.2623571197394537,0.93118,0.4005950932662752,0.9095,0.0009782997953518581,0.03008148038746196
large,773955,16,0.2519519755242074,0.9326,0.36084283082061863,0.9188,0.0009389819283438388,0.02951031353777145
large,773955,17,0.24065549739203404,0.93586,0.3544227069047692,0.9201,0.0009011909174233925,0.02865219890379384
large,773955,18,0.23451956087512502,0.93622,0.3455799305371276,0.9206,0.0008714245140245874,0.028738523880812956
large,773955,19,0.22678453221019976,0.93774,0.3543710246664654,0.9145,0.0008508251066415723,0.028247555476513714
large,773955,20,0.22100852899065063,0.93878,0.3446567156009211,0.9196,0.0008229054227039762,0.0278369900820081
large,773955,21,0.21361248728626683,0.94046,0.32711585093086964,0.9229,0.0008049752435775864,0.027213925553580084
large,773955,22,0.20775110604260819,0.94184,0.3205359343805542,0.9247,0.0007809498806538283,0.02673619724445228
large,773955,23,0.20350481690003505,0.94282,0.3277256573406425,0.9212,0.0007647379122115981,0.026608313107432086
large,773955,24,0.19877926089550677,0.94366,0.32252924338036526,0.9227,0.0007556203217527146,0.026569507993441963
large,773955,25,0.19377926965349457,0.94468,0.30426364962006036,0.9266,0.0007371132243065746,0.026100957449088354
large,773955,26,0.19029081758193056,0.94572,0.3120502743688508,0.9239,0.0007358166751559739,0.026075544360423645
large,773955,27,0.18734088892413173,0.94672,0.30257934394650127,0.9252,0.0007232858025364106,0.025663133765051957
large,773955,28,0.18161481304855095,0.94788,0.29817739075091143,0.9265,0.0007055569481976259,0.025102164378271754
large,773955,29,0.1785476040283811,0.94832,0.2986710439832952,0.9272,0.0006919661290519866,0.02495857284178041
large,773955,30,0.17547309332663136,0.94962,0.29068717312705455,0.929,0.0006901761306823753,0.024807299197332402
large,773955,31,0.17382158831699962,0.95004,0.2868688269486862,0.9284,0.0006868936719183245,0.02478942666449472
large,773955,32,0.1695050053175121,0.9509,0.29420139994298977,0.9259,0.0006675401354915982,0.024237300147117596
large,773955,33,0.1675613210924075,0.95164,0.2903016586017189,0.9276,0.0006633620398221551,0.024156430222313195
large,773955,34,0.16492321840650306,0.95232,0.29953991941694574,0.9249,0.0006553870196369948,0.02401792514909169
large,773955,35,0.16239132252636854,0.95214,0.2749470120567394,0.932,0.0006544395982721732,0.023979441631850475
large,773955,36,0.159250856155359,0.954,0.27631164492238774,0.9314,0.0006413560982518413,0.023635792129088715
large,773955,37,0.15685234778636173,0.9534,0.27565454288990915,0.9316,0.0006406176615458291,0.023445337613256043
large,773955,38,0.1539305580278813,0.95452,0.26809195721316875,0.9316,0.0006333383254834103,0.023286640296612437
large,773955,39,0.15343964797217952,0.95568,0.2712013490111062,0.9321,0.000627132112713082,0.023171452399940867
large,773955,40,0.15014039104300567,0.95566,0.2661419067048427,0.9336,0.0006240026594154562,0.023028940796265936
large,773955,41,0.14853826057706668,0.95544,0.26962434543375263,0.9333,0.0006224790542637267,0.02290631428082928
large,773955,42,0.14701758791468206,0.95656,0.28118929579778545,0.9298,0.0006183711555796076,0.02285316511471066
large,773955,43,0.1427886541479544,0.95738,0.26980869018857445,0.9315,0.0006096793252351438,0.022428969638344044
large,773955,44,0.14212488690021066,0.95862,0.2587486949295599,0.9333,0.0005971844813836552,0.02212544895461676
large,773955,45,0.14057501612447,0.95932,0.26551085099196364,0.934,0.0006010182277533245,0.02206125274950345
large,773955,46,0.13898628240679667,0.9584,0.26365565170366306,0.9325,0.000598496947527486,0.022208060682385275
large,773955,47,0.13782921489469893,0.9587,0.26508536446826764,0.9321,0.0006027881780109404,0.02231671092890837
large,773955,48,0.13562539310879376,0.95996,0.263109609034409,0.9358,0.0005965055093917247,0.021755957941417124
large,773955,49,0.13352069467002642,0.95994,0.27028412232348714,0.931,0.0005854417886267129,0.021569757941586717
large,773955,50,0.1317913801810827,0.96076,0.2656272944051402,0.9336,0.000584854029493429,0.021485014364405093
large,773955,51,0.1318135034692542,0.96072,0.2600303966238152,0.9352,0.0005883659450871674,0.021637281215887528
large,773955,52,0.12989733865064826,0.96248,0.2558740174519783,0.9344,0.0005787178228811622,0.021269964479488524
large,773955,53,0.1287224142049914,0.96148,0.25257258208205374,0.9355,0.0005794181520293913,0.021511365760089277
large,773955,54,0.12551007231939204,0.96212,0.25100201725603966,0.9364,0.0005682585893156105,0.02069156423011306
large,773955,55,0.1255424159328956,0.96234,0.25550061223613585,0.9365,0.0005722819290708008,0.02104073129681638
large,773955,56,0.12326393056559848,0.9633,0.25072879154962474,0.9365,0.0005665668503100154,0.02064151213906722
large,773955,57,0.12147719116967333,0.96448,0.2467634530372412,0.9374,0.0005609585802487337,0.020435567415893904
large,773955,58,0.12028907947803302,0.9646,0.24851025206450364,0.9378,0.0005592710728731117,0.020394472901123024
large,773955,59,0.11972838325888278,0.9646,0.2461957786062615,0.9381,0.0005553998200758247,0.020392153040526054
large,773955,60,0.1180322536092677,0.96476,0.24501729477507692,0.9386,0.0005553121787156061,0.0203067378144957
large,773955,61,0.11632635540289728,0.96598,0.25113009963339594,0.9373,0.0005560805519630673,0.020143557076811442
large,773955,62,0.11552630338459767,0.9657,0.24296333895280087,0.9386,0.0005575963532910937,0.020082763348546768
large,773955,63,0.1144409169901977,0.9655,0.2461884267830564,0.9398,0.0005522495074470642,0.020083471501071294
large,773955,64,0.11395898146939638,0.96592,0.2400890625933676,0.9404,0.0005516960513417504,0.019955647705798198
large,773955,65,0.1116565452355301,0.96644,0.25652673410106597,0.9363,0.0005461278058258708,0.01970845698104208
large,773955,66,0.11092626427036152,0.96704,0.26668834404985275,0.9331,0.0005437163076491544,0.019688459993685032
large,773955,67,0.10961347675157851,0.96714,0.23936925174202112,0.9406,0.0005441467649479161,0.019624255010215495
large,773955,68,0.10889108009974512,0.96774,0.24582615272375516,0.9375,0.0005358264855949877,0.019371237587563938
large,773955,69,0.10786715940756492,0.96872,0.24135935606215525,0.9401,0.0005386877213332515,0.019221554177813606
large,773955,70,0.10607690978319406,0.96892,0.24119999505429895,0.9387,0.0005289180218597158,0.01909410251926465
large,773955,71,0.10485745623362626,0.96924,0.23790528047407433,0.9396,0.0005301918591723476,0.019051611263446434
large,773955,72,0.10375607667927818,0.96812,0.24034735470343063,0.9415,0.0005330512481192727,0.019010393519070388
large,773955,73,0.10261923352230194,0.96922,0.24276600871139048,0.9398,0.0005319726400486519,0.01902492482364181
large,773955,74,0.10184588670660584,0.96946,0.23827072618065348,0.9392,0.0005325865303837416,0.018866973324800123
large,773955,75,0.1009191553083486,0.9698,0.23572466930137848,0.9411,0.0005337361532276744,0.01870993976898023
large,773955,76,0.09930994115243416,0.9698,0.24086901573966082,0.9401,0.0005253420199966423,0.018523405276340648
large,773955,77,0.0992392564140118,0.9699,0.23883001262406006,0.9401,0.0005341089566621264,0.01862331392143853
large,773955,78,0.09916132923931516,0.97022,0.24185676037970102,0.941,0.000526866114021607,0.0187238140556915
large,773955,79,0.09677978618942576,0.9717,0.23495475685214065,0.9434,0.0005200556668274834,0.018126903155039956
large,773955,80,0.09577688828820377,0.97154,0.23813741323212306,0.941,0.0005217182165934965,0.018181987063747542
large,773955,81,0.09469835980803919,0.97164,0.23790343545960219,0.9421,0.0005209416441123413,0.01805575642285801
large,773955,82,0.09521757130857358,0.97182,0.23986927055562052,0.9406,0.0005241822429550314,0.018213780803262386
large,773955,83,0.0937770683534903,0.97186,0.23445970258591875,0.9423,0.0005181326086150682,0.018164698170762432
large,773955,84,0.09271280899482794,0.9727,0.23497030796717608,0.9429,0.0005155668849892939,0.017949423928922237
large,773955,85,0.09130813206625109,0.97258,0.2378514225339546,0.9432,0.0005143766491581715,0.017756136836923595
large,773955,86,0.09006384624799388,0.9734,0.2358603229231448,0.9438,0.0005091172606945598,0.017395406920980405
large,773955,87,0.09026703323732256,0.97302,0.23035394677944537,0.9447,0.0005126973974238769,0.01765572339847588
large,773955,88,0.08885185997305228,0.9733,0.23658590820643158,0.9424,0.0005117295225444814,0.017366482618563352
large,773955,89,0.08800707070168108,0.97352,0.2376779111373226,0.9433,0.0005065490920414652,0.017444657652229734
large,773955,90,0.08733045373999408,0.97398,0.23895568088594513,0.9443,0.0005124509905134511,0.017425334894708235
large,773955,91,0.08663588966579293,0.9747,0.23596201027155572,0.9428,0.0005044367198317151,0.017102690086829166
large,773955,92,0.08558304857018913,0.9745,0.23468588266561027,0.944,0.0005089859958120287,0.017177220767210823
large,773955,93,0.08545565279870318,0.97472,0.2320433883311057,0.9439,0.00050700751088119,0.017246085454320503
large,773955,94,0.08365220498942001,0.97508,0.23188385827415806,0.9445,0.0005027074634497943,0.01682708523647527
large,773955,95,0.08332449438191711,0.97558,0.23243522351906923,0.945,0.0005013264929301792,0.017000877770695297
large,773955,96,0.08212108813416433,0.97572,0.23560202230675578,0.9451,0.0004920161878235777,0.016448528245358834
large,773955,97,0.08153849556429474,0.97584,0.23474966960854496,0.9445,0.0005008742551565992,0.016670890912544548
large,773955,98,0.08103371676241936,0.9753,0.2360542162664485,0.9436,0.0005032501173054757,0.0167293628575946
large,773955,99,0.07979084730353841,0.97682,0.23534198007126453,0.9444,0.0004972567954881281,0.016460026495942564
large,773955,100,0.07915461377872918,0.9768,0.23426754310525436,0.9461,0.0004922352615441435,0.016259989928238655
