learning_rate,seed,epoch,train_loss,train_accuracy,validation_loss,validation_accuracy
0.001,654571,1,2.300140994499426,0.15208,2.297891699588454,0.2194
0.001,654571,2,2.295441822281869,0.30736,2.2929351488834246,0.3749
0.001,654571,3,2.289894603546607,0.40628,2.286790584664527,0.4124
0.001,654571,4,2.2828032647573235,0.41826,2.2787398226953273,0.4139
0.001,654571,5,2.273381192249266,0.41416,2.2679343451919958,0.4074
0.001,654571,6,2.260687058448437,0.40824,2.2533495955799996,0.3992
0.001,654571,7,2.2436007754289986,0.40196,2.2337936648579344,0.3957
0.001,654571,8,2.220860427392073,0.39682,2.2079860878788926,0.4035
0.001,654571,9,2.1911614287441763,0.41176,2.1745961426164864,0.4224
0.001,654571,10,2.1532375056549844,0.43462,2.132429636851088,0.452
0.001,654571,11,2.105937225103917,0.47094,2.0803793416356964,0.4919
0.001,654571,12,2.048241867459965,0.51438,2.017504119027961,0.5375
0.001,654571,13,1.9793814352982895,0.55942,1.9432638415083114,0.5872
0.001,654571,14,1.8992033363717675,0.60458,1.8579704832932409,0.6259
0.001,654571,15,1.8086474471731941,0.63748,1.7632476407913695,0.6509
0.001,654571,16,1.7100366110317773,0.66202,1.6621077061315155,0.6741
0.001,654571,17,1.6069543359768972,0.68186,1.5585133813845284,0.693
0.001,654571,18,1.5036186210452422,0.69788,1.4566811199826297,0.7091
0.001,654571,19,1.4040753723284116,0.71652,1.3602264936499406,0.7228
0.001,654571,20,1.3112607624716837,0.73276,1.271390068456248,0.7418
0.001,654571,21,1.2268475021271894,0.74818,1.191265228367121,0.7543
0.001,654571,22,1.1512234277595275,0.76434,1.1198541188716815,0.7648
0.001,654571,23,1.0840932997166246,0.77326,1.0564644767918132,0.7733
0.001,654571,24,1.0247122165178064,0.78256,1.0004294964398366,0.7819
0.001,654571,25,0.9721823910573973,0.79104,0.9508059614872348,0.7895
0.001,654571,26,0.9256584559791298,0.79802,0.9067910412259605,0.7978
0.001,654571,27,0.8843345134277124,0.80356,0.8675852298302347,0.8032
0.001,654571,28,0.8474545452738009,0.80878,0.8325805906973214,0.8085
0.001,654571,29,0.8144764976345507,0.81442,0.8011752721043973,0.8124
0.001,654571,30,0.7848124638026642,0.81858,0.7728461134018281,0.8164
0.001,654571,31,0.7580486644472443,0.82282,0.7472639751198575,0.82
0.001,654571,32,0.7337951870554077,0.82628,0.7239832589560808,0.8246
0.001,654571,33,0.7117357451904606,0.82952,0.7027633346747839,0.8281
0.001,654571,34,0.6915532871149509,0.83314,0.6835575154612659,0.8302
0.001,654571,35,0.6731460762357316,0.836,0.6656573616812028,0.834
0.001,654571,36,0.6561790521254773,0.8389,0.6491800335880161,0.8393
0.001,654571,37,0.6405574399649951,0.84198,0.6340640986515649,0.8418
0.001,654571,38,0.626087751719169,0.84452,0.6200504938608856,0.8443
0.001,654571,39,0.6126765682401343,0.84714,0.6069783443045795,0.8476
0.001,654571,40,0.6001780815563428,0.84942,0.5947716228948994,0.8509
0.001,654571,41,0.5885409913048362,0.8522,0.5834694409489084,0.8521
0.001,654571,42,0.577666354690357,0.8542,0.5728369225560178,0.8542
0.001,654571,43,0.5674673152780606,0.85588,0.5628301969785314,0.8585
0.001,654571,44,0.5579169098266753,0.85842,0.5534203802900332,0.8592
0.001,654571,45,0.5489032317036879,0.85972,0.544528611078666,0.8608
0.001,654571,46,0.5404317385615549,0.86194,0.5361609844146727,0.8627
0.001,654571,47,0.5324221725717287,0.86348,0.5282595227262237,0.8643
0.001,654571,48,0.5248451625197714,0.8649,0.5207512861983203,0.8665
0.001,654571,49,0.5176810361775978,0.86632,0.5137119871834408,0.868
0.001,654571,50,0.5108867843454694,0.86768,0.5068914118825771,0.8687
0.001,654571,51,0.5044361388982133,0.86918,0.5004885411155378,0.871
0.001,654571,52,0.4982755676680853,0.87064,0.4944234154257027,0.8724
0.001,654571,53,0.4924597582028006,0.87166,0.4885129681972645,0.8733
0.001,654571,54,0.4868824910722776,0.87296,0.48297218827328414,0.874
0.001,654571,55,0.4815571419723959,0.87388,0.4777435991016574,0.8751
0.001,654571,56,0.4765034465100695,0.8752,0.4726589820266995,0.876
0.001,654571,57,0.47166715318087127,0.87658,0.4677713072525232,0.8763
0.001,654571,58,0.4670426359175634,0.87764,0.46315686665735123,0.8773
0.001,654571,59,0.46260630301709055,0.87832,0.4587041444442222,0.878
0.001,654571,60,0.45836032019364364,0.8795,0.4544152118707116,0.8788
0.001,654571,61,0.4542753520686045,0.88004,0.45034802873491797,0.8796
0.001,654571,62,0.45036913997420824,0.8811,0.44646308112587324,0.8807
0.001,654571,63,0.44661140786965314,0.88176,0.44266697460725274,0.8815
0.001,654571,64,0.44300737693501147,0.88252,0.4390226719633567,0.8816
0.001,654571,65,0.43953581437351646,0.88316,0.43551226656074343,0.8828
0.001,654571,66,0.4361965468589832,0.8837,0.4321356092160704,0.883
0.001,654571,67,0.4329733619543042,0.88432,0.4289130800286112,0.8836
0.001,654571,68,0.4298676307020749,0.8849,0.4257678357723108,0.8841
0.001,654571,69,0.426866916991525,0.88556,0.4227315643719773,0.8846
0.001,654571,70,0.4239972587105176,0.88594,0.4198308498872524,0.8858
0.001,654571,71,0.42119651762795446,0.88626,0.417067314631515,0.8867
0.001,654571,72,0.4185001772430987,0.88722,0.4143428631000199,0.8869
0.001,654571,73,0.41589784496455706,0.88768,0.41165223562345066,0.8872
0.001,654571,74,0.4133731205128929,0.8884,0.40911759576975454,0.8878
0.001,654571,75,0.41092789587458317,0.88874,0.40664371448409353,0.8887
0.001,654571,76,0.4085581786250781,0.8891,0.4042887539762926,0.889
0.001,654571,77,0.4062471785765618,0.88994,0.40196252972550545,0.8893
0.001,654571,78,0.404032542693024,0.89038,0.39968688434856053,0.8894
0.001,654571,79,0.40187095229324354,0.89092,0.397483546198448,0.8901
0.001,654571,80,0.3997543124044069,0.89128,0.3955057852396027,0.8903
0.001,654571,81,0.39773602322926993,0.8915,0.3933665759640674,0.8912
0.001,654571,82,0.3957514819545873,0.89204,0.3913773076668738,0.8916
0.001,654571,83,0.3938268812533139,0.89256,0.3894148585547547,0.8922
0.001,654571,84,0.3919506626624992,0.89292,0.3875865592192131,0.8933
0.001,654571,85,0.39011677950972024,0.89344,0.385717227911176,0.893
0.001,654571,86,0.38834762796112204,0.89382,0.38390790191879404,0.8936
0.001,654571,87,0.38660296880615524,0.89428,0.3821618776750024,0.8936
0.001,654571,88,0.38491769114787117,0.89458,0.38043722787595535,0.8939
0.001,654571,89,0.3832610613638428,0.89482,0.3787859151695643,0.8945
0.001,654571,90,0.3816479449175631,0.89514,0.3771929975831723,0.8949
0.001,654571,91,0.3800746073256383,0.89534,0.3756211895258713,0.8951
0.001,654571,92,0.37853288967442844,0.89546,0.3741017628161406,0.8956
0.001,654571,93,0.37702724604044713,0.89606,0.37265265532502867,0.8958
0.001,654571,94,0.37557557696219185,0.89644,0.3711353561068631,0.8962
0.001,654571,95,0.3741339977030689,0.89658,0.3696915577191653,0.8969
0.001,654571,96,0.3727278362827028,0.8971,0.3683079286894257,0.8971
0.001,654571,97,0.3713508474768419,0.89744,0.36683149631419987,0.8974
0.001,654571,98,0.370012824848652,0.89772,0.3655020456076958,0.8977
0.001,654571,99,0.36868288090855095,0.89816,0.36419616159510365,0.8983
0.001,654571,100,0.36740358707719767,0.89842,0.36290491498615063,0.8985
0.001,89250,1,2.300297768314565,0.1931,2.298392101378323,0.2616
0.001,89250,2,2.296073417450581,0.32518,2.2938201482150355,0.3695
0.001,89250,3,2.290847887522292,0.39994,2.287954006435784,0.4264
0.001,89250,4,2.2839995211887865,0.44232,2.280117455848439,0.4445
0.001,89250,5,2.2747622964966148,0.4469,2.269485602834794,0.4417
0.001,89250,6,2.262230740066199,0.43968,2.255063358315785,0.4352
0.001,89250,7,2.2453209085738877,0.42562,2.23569594952995,0.4276
0.001,89250,8,2.222768037600902,0.42234,2.210061707324575,0.4298
0.001,89250,9,2.193180218355923,0.43608,2.1767535399969584,0.4501
0.001,89250,10,2.155168416693535,0.46236,2.1344340927218277,0.4833
0.001,89250,11,2.107487150510468,0.50178,2.081959133516917,0.5297
0.001,89250,12,2.0491092712624885,0.55264,2.0184689740737,0.5791
0.001,89250,13,1.9793953213301982,0.60128,1.943558025248949,0.6211
0.001,89250,14,1.8983801779184464,0.63402,1.8577878376349262,0.6508
0.001,89250,15,1.8072701343916941,0.6586,1.7630120919722598,0.6686
0.001,89250,16,1.7087224800716052,0.67598,1.662555529779866,0.6835
0.001,89250,17,1.6065820517892653,0.68786,1.5605866883752457,0.693
0.001,89250,18,1.505167651534761,0.70088,1.4612128174336252,0.7023
0.001,89250,19,1.408239113355303,0.71106,1.367671445540426,0.7133
0.001,89250,20,1.318305000901953,0.72192,1.28180218825091,0.7273
0.001,89250,21,1.2365708726208784,0.7346,1.204198709323574,0.7394
0.001,89250,22,1.16317824197003,0.74882,1.1346087547495227,0.7487
0.001,89250,23,1.0976085483287594,0.76008,1.072454881229486,0.7589
0.001,89250,24,1.0391323171750992,0.7699,1.016970647616033,0.7703
0.001,89250,25,0.9869358696901563,0.77938,0.9673646379203245,0.7796
0.001,89250,26,0.940254096359143,0.78686,0.9229146951510356,0.7865
0.001,89250,27,0.8984136948431056,0.79422,0.8830141209448042,0.7938
0.001,89250,28,0.8608265975621947,0.80112,0.8470873540731964,0.8012
0.001,89250,29,0.8269423919520597,0.80662,0.814705105368688,0.8062
0.001,89250,30,0.7963355910719455,0.81134,0.7853632725207933,0.8123
0.001,89250,31,0.7686108300119011,0.81536,0.7587410785457308,0.8179
0.001,89250,32,0.743410014323356,0.82092,0.7345818375873097,0.821
0.001,89250,33,0.7204692149716234,0.8248,0.7124584465824715,0.8252
0.001,89250,34,0.6994912015112601,0.8285,0.6922331167543708,0.8284
0.001,89250,35,0.6802791747982918,0.83258,0.6736111023629616,0.8325
0.001,89250,36,0.6626024861294565,0.83578,0.6566115447691879,0.8355
0.001,89250,37,0.6463555480532266,0.83878,0.6407389821180776,0.8393
0.001,89250,38,0.6313105243700217,0.84188,0.6261698345857295,0.8415
0.001,89250,39,0.6173893580690565,0.84462,0.6126172451178894,0.8443
0.001,89250,40,0.6044607845958135,0.8471,0.5999842332772667,0.8476
0.001,89250,41,0.592415572915751,0.84932,0.5882105955113058,0.8504
0.001,89250,42,0.5811815137018007,0.8522,0.5771901774279519,0.8528
0.001,89250,43,0.5706578675027824,0.85414,0.5668193465158776,0.8549
0.001,89250,44,0.5607984132378617,0.85672,0.557254780048846,0.8569
0.001,89250,45,0.5515750207213843,0.85868,0.5480516888662154,0.8597
0.001,89250,46,0.5428636319020577,0.86052,0.539456045406358,0.8619
0.001,89250,47,0.5346565661053151,0.86234,0.5313237804058465,0.8633
0.001,89250,48,0.5269131649886034,0.86412,0.5236603626224865,0.8647
0.001,89250,49,0.5195759102579244,0.86562,0.516360363843077,0.8659
0.001,89250,50,0.5126342231146771,0.8673,0.5094575281234535,0.8676
0.001,89250,51,0.5060524552569731,0.86844,0.5028669451856351,0.8686
0.001,89250,52,0.499790489346507,0.8697,0.4966763600097546,0.8701
0.001,89250,53,0.4938525650644564,0.8713,0.49074506601492557,0.8708
0.001,89250,54,0.4881883485520215,0.87248,0.4850733796701551,0.8724
0.001,89250,55,0.4827874411023419,0.87358,0.47964233562532793,0.873
0.001,89250,56,0.4776236215090926,0.87424,0.47453606162736517,0.8733
0.001,89250,57,0.472721360968213,0.87544,0.4695201554239401,0.8751
0.001,89250,58,0.4680047401079386,0.87654,0.4648375819990687,0.8759
0.001,89250,59,0.46349990355868875,0.8772,0.4602764787901392,0.8768
0.001,89250,60,0.4591961658358279,0.87818,0.4559316750513901,0.8774
0.001,89250,61,0.45506362818427115,0.87918,0.4517943272326722,0.8783
0.001,89250,62,0.4510996093444717,0.88016,0.44781526140111727,0.8792
0.001,89250,63,0.4472729545452151,0.88106,0.4439149708109965,0.8807
0.001,89250,64,0.443623341600059,0.88148,0.44032861018137953,0.8808
0.001,89250,65,0.4401056637856049,0.88242,0.43670640765182916,0.8815
0.001,89250,66,0.43670436977844185,0.88288,0.4333132906493657,0.8822
0.001,89250,67,0.43345293066663565,0.8836,0.4300390064236937,0.8835
0.001,89250,68,0.43030240285680477,0.88432,0.4268053516470088,0.8843
0.001,89250,69,0.4272659149383734,0.8849,0.4237427156750047,0.8855
0.001,89250,70,0.4243391836870266,0.88554,0.420744216603014,0.8863
0.001,89250,71,0.421506383200231,0.88588,0.41787899771855536,0.8872
0.001,89250,72,0.4187855504654692,0.88658,0.4151454012617961,0.8874
0.001,89250,73,0.4161446913536808,0.88712,0.4124505396319355,0.8876
0.001,89250,74,0.4135789694277226,0.8876,0.40993545097376527,0.8882
0.001,89250,75,0.4110879199516794,0.88834,0.4074534721264215,0.8882
0.001,89250,76,0.4087177555406538,0.889,0.4049433175315173,0.8889
0.001,89250,77,0.4063897148826095,0.8895,0.40262702870946976,0.889
0.001,89250,78,0.4041031258980413,0.88974,0.4003936752363346,0.8904
0.001,89250,79,0.40194921965855385,0.89062,0.39809274359477187,0.8904
0.001,89250,80,0.39982541877388655,0.89092,0.3960380094039137,0.891
0.001,89250,81,0.397773394323129,0.89134,0.39390017640799163,0.8914
0.001,89250,82,0.39576843840511855,0.89198,0.3918437675718754,0.8917
0.001,89250,83,0.3937978439553063,0.89248,0.38988271177973466,0.8922
0.001,89250,84,0.3919189556220881,0.89284,0.38799351568239654,0.8926
0.001,89250,85,0.39005736188741313,0.89296,0.38615920352074484,0.8927
0.001,89250,86,0.38827778367588517,0.89342,0.3843324431788845,0.8936
0.001,89250,87,0.3865240266671116,0.8937,0.3825062679364918,0.894
0.001,89250,88,0.38481707667916903,0.89402,0.3807973464069404,0.8943
0.001,89250,89,0.38314482210941947,0.8944,0.3791562166445879,0.8941
0.001,89250,90,0.3815159416955863,0.89474,0.37743960029034146,0.8946
0.001,89250,91,0.3799358617063122,0.89484,0.37586463119193675,0.895
0.001,89250,92,0.37836494076064076,0.89532,0.37431277387342154,0.8955
0.001,89250,93,0.3768675279586683,0.89562,0.37273505426681375,0.8951
0.001,89250,94,0.3753956424501608,0.89574,0.37124168512472616,0.8955
0.001,89250,95,0.37393571388533253,0.89614,0.3698008797577609,0.896
0.001,89250,96,0.37251668667475685,0.89654,0.3683811959159654,0.8962
0.001,89250,97,0.37112736480859787,0.89684,0.3670255644604103,0.8971
0.001,89250,98,0.3697687876434517,0.89698,0.36559136865739467,0.8969
0.001,89250,99,0.36843830264303457,0.89732,0.3643420112514115,0.8975
0.001,89250,100,0.3671279887298344,0.8976,0.36292935607492693,0.8978
0.001,773955,1,2.299501746993913,0.13692,2.2971536556916585,0.2061
0.001,773955,2,2.2946048618208543,0.2741,2.291901281626611,0.3495
0.001,773955,3,2.2886419555971966,0.3914,2.2852239593569417,0.4245
0.001,773955,4,2.280866925932559,0.43242,2.276351071718443,0.4394
0.001,773955,5,2.2704370486286467,0.42944,2.2643670808670544,0.4346
0.001,773955,6,2.256340346240914,0.42144,2.2481844938141644,0.4222
0.001,773955,7,2.2374003434187437,0.42628,2.2265648351412137,0.4132
0.001,773955,8,2.2123127061349477,0.4228,2.1981455077076784,0.4225
0.001,773955,9,2.179690844098115,0.43242,2.161571925251497,0.4491
0.001,773955,10,2.138226377219712,0.46758,2.115564090070696,0.486
0.001,773955,11,2.0867718905315042,0.50484,2.0591440509826433,0.5315
0.001,773955,12,2.0244907756511616,0.5557,1.9916121355634215,0.5801
0.001,773955,13,1.950982218103967,0.60218,1.9129174010961532,0.6258
0.001,773955,14,1.8666567786174393,0.63942,1.8240483284805071,0.6595
0.001,773955,15,1.7732207058863403,0.6657,1.7274214745247756,0.6797
0.001,773955,16,1.6737490474560406,0.68288,1.626676887774356,0.694
0.001,773955,17,1.5722108417833718,0.69486,1.5259223101455572,0.7024
0.001,773955,18,1.4726038078205226,0.70724,1.4287226173889178,0.7107
0.001,773955,19,1.3781263967329278,0.71818,1.3377677300443827,0.7241
0.001,773955,20,1.2908069325832083,0.73062,1.25445410240399,0.7364
0.001,773955,21,1.211544333848065,0.74388,1.1792051404956125,0.7477
0.001,773955,22,1.1403643022439702,0.75742,1.1118550259543336,0.7587
0.001,773955,23,1.0768395560019064,0.76848,1.0516810964870624,0.768
0.001,773955,24,1.0201964603893634,0.77728,0.9979935660466015,0.7782
0.001,773955,25,0.9697250583617472,0.78576,0.9501225582980469,0.7877
0.001,773955,26,0.9246516848383071,0.7921,0.9073665636073196,0.7946
0.001,773955,27,0.8843474036031649,0.79854,0.8689565906383073,0.8007
0.001,773955,28,0.8481752317847375,0.80558,0.8344595724597821,0.8056
0.001,773955,29,0.8156122008702884,0.81028,0.8033889688655081,0.8096
0.001,773955,30,0.7862381157106983,0.8153,0.7753738279556623,0.8128
0.001,773955,31,0.7596543991370984,0.81874,0.7498102036634299,0.8177
0.001,773955,32,0.7354987682676365,0.82304,0.7266381342138716,0.8214
0.001,773955,33,0.7134889981645118,0.82662,0.7054371989464696,0.8257
0.001,773955,34,0.6933681479755136,0.83052,0.6860747261673611,0.8283
0.001,773955,35,0.6749132683429014,0.83358,0.6681882191964924,0.8328
0.001,773955,36,0.6579343325126208,0.83646,0.6517581420045016,0.8353
0.001,773955,37,0.6422614951080148,0.83966,0.6365490442952446,0.8389
0.001,773955,38,0.6277454596594173,0.84286,0.6224650996378975,0.8418
0.001,773955,39,0.6142868525177156,0.845,0.6093399367226634,0.8454
0.001,773955,40,0.6017577008309063,0.84802,0.5971263818999586,0.848
0.001,773955,41,0.5900649938704103,0.85036,0.5857142675249835,0.8499
0.001,773955,42,0.5791255617220977,0.85286,0.5749598835635915,0.8527
0.001,773955,43,0.5688904117124454,0.85512,0.5648751184214641,0.8552
0.001,773955,44,0.5592462825442224,0.8571,0.5553849399116427,0.8575
0.001,773955,45,0.5501963076658276,0.85906,0.5464859239698739,0.8595
0.001,773955,46,0.5416456583754239,0.86052,0.53801185184814,0.8621
0.001,773955,47,0.5335816838494492,0.86268,0.5300162942191313,0.8636
0.001,773955,48,0.525934401573281,0.86398,0.5224211501603698,0.8644
0.001,773955,49,0.518715972797712,0.86556,0.5152735793149127,0.8659
0.001,773955,50,0.5118464388409272,0.86712,0.5084433370872659,0.8669
0.001,773955,51,0.5053316770569014,0.86902,0.5020126774949555,0.8671
0.001,773955,52,0.4991121606205262,0.87016,0.49593021927862985,0.8683
0.001,773955,53,0.4932374815522392,0.87156,0.48995095708977243,0.8694
0.001,773955,54,0.4876005110871568,0.87262,0.484271805000529,0.8704
0.001,773955,55,0.4822206474430156,0.87362,0.47895489546502185,0.872
0.001,773955,56,0.47708761129503036,0.87496,0.473785784301576,0.8721
0.001,773955,57,0.4721846049810293,0.87582,0.4689187716420627,0.8738
0.001,773955,58,0.46749571558783687,0.87674,0.4641653583872825,0.8743
0.001,773955,59,0.4629973033117272,0.87788,0.45965490554821653,0.876
0.001,773955,60,0.45869210222423046,0.87892,0.4553203460475952,0.8762
0.001,773955,61,0.45456552013138185,0.87962,0.4511923626264884,0.878
0.001,773955,62,0.45059326958658946,0.88044,0.4471888255054258,0.8787
0.001,773955,63,0.44678935127932723,0.88138,0.44332686304318997,0.8796
0.001,773955,64,0.44312350235077835,0.88226,0.4396578766054784,0.8808
0.001,773955,65,0.4396093525062475,0.88294,0.4360916862144315,0.8814
0.001,773955,66,0.43622065378582464,0.88346,0.4326736729559945,0.8825
0.001,773955,67,0.43294586598518786,0.88406,0.4293934556920525,0.8826
0.001,773955,68,0.42979959883470675,0.88466,0.4262418533661843,0.8829
0.001,773955,69,0.4267494208336154,0.88538,0.423210704577731,0.8831
0.001,773955,70,0.4238282776934589,0.88578,0.4202082299151744,0.8845
0.001,773955,71,0.4209907395132944,0.88658,0.4173385487471175,0.8852
0.001,773955,72,0.41825254596851474,0.88676,0.41459363575462105,0.8865
0.001,773955,73,0.4155977330943826,0.88724,0.4120122930228028,0.8877
0.001,773955,74,0.41306119805670244,0.88836,0.4093139538385063,0.888
0.001,773955,75,0.4105836087262737,0.88868,0.4068476353094113,0.889
0.001,773955,76,0.4081792755056826,0.8891,0.4043831440439567,0.8892
0.001,773955,77,0.4058606395225876,0.88956,0.4020710751180414,0.8897
0.001,773955,78,0.40357942780848627,0.89006,0.3998072995560494,0.8898
0.001,773955,79,0.4013878213001298,0.89028,0.3975874965803298,0.8903
0.001,773955,80,0.3992799002503494,0.8906,0.3954634655475486,0.8908
0.001,773955,81,0.397203551057219,0.89136,0.393390785596277,0.8919
0.001,773955,82,0.3952159590938044,0.89194,0.39132157307643545,0.8921
0.001,773955,83,0.39325254776287155,0.89248,0.38939582731635874,0.8923
0.001,773955,84,0.39134973033898585,0.89294,0.38746455767721544,0.8927
0.001,773955,85,0.3894973999761881,0.89328,0.385585123500518,0.8935
0.001,773955,86,0.3876963210098309,0.89378,0.3838263381472859,0.8934
0.001,773955,87,0.3859447421568446,0.89444,0.3819818275903569,0.8941
0.001,773955,88,0.3842328201271782,0.89434,0.38030303268473564,0.8942
0.001,773955,89,0.3825675232254395,0.89486,0.37867789327910506,0.8948
0.001,773955,90,0.3809425010325444,0.89544,0.3769848298151626,0.8948
0.001,773955,91,0.37934378628575194,0.89564,0.37537612662399034,0.8951
0.001,773955,92,0.3777750895319846,0.89602,0.373931213969732,0.8949
0.001,773955,93,0.3762420929376309,0.8963,0.37225299254802974,0.8953
0.001,773955,94,0.3747960172548482,0.89644,0.3708006085987053,0.8951
0.001,773955,95,0.3733477408070351,0.89696,0.369330305012357,0.8958
0.001,773955,96,0.3719276986580891,0.89726,0.3679012442121837,0.8961
0.001,773955,97,0.37053265011985836,0.89746,0.3666001029926134,0.8965
0.001,773955,98,0.3691646421365709,0.89776,0.36513916938904784,0.897
0.001,773955,99,0.36785589189982326,0.898,0.36379404417102557,0.8968
0.001,773955,100,0.36654014120716544,0.89802,0.3626017835520669,0.8973
0.01,654571,1,2.251769858932048,0.37266,2.1334757122144734,0.433
0.01,654571,2,1.7422921079199407,0.62508,1.2745944460031597,0.7362
0.01,654571,3,0.9748439834916046,0.78898,0.7737792793832414,0.8175
0.01,654571,4,0.6721329805270503,0.83622,0.5958086787670929,0.8492
0.01,654571,5,0.5480991315309047,0.85942,0.5077392122284622,0.8683
0.01,654571,6,0.4811998178013974,0.87366,0.4546924209139348,0.878
0.01,654571,7,0.43961615083789674,0.88272,0.42055905162594565,0.8854
0.01,654571,8,0.4112396475794304,0.88828,0.39582010193828737,0.8903
0.01,654571,9,0.39040700616980617,0.89344,0.37748973198643077,0.8942
0.01,654571,10,0.37459913876286505,0.89622,0.36288478258783696,0.8988
0.01,654571,11,0.3618808929242669,0.89898,0.3515723784331493,0.901
0.01,654571,12,0.35117575632341075,0.90184,0.3418020721144191,0.9032
0.01,654571,13,0.3420091410384921,0.90366,0.3333203748512284,0.9042
0.01,654571,14,0.33405258534856636,0.90572,0.3258333125870533,0.9079
0.01,654571,15,0.3268506801164994,0.90744,0.3195460350834683,0.9084
0.01,654571,16,0.3202912473393998,0.90936,0.3142225818378294,0.9108
0.01,654571,17,0.3144664955137824,0.91044,0.3083759907435501,0.9123
0.01,654571,18,0.30875824534652957,0.91218,0.30333561341530746,0.9128
0.01,654571,19,0.30355100873821933,0.91394,0.2979921983280755,0.914
0.01,654571,20,0.29860040129332266,0.91558,0.29338502394354693,0.9143
0.01,654571,21,0.29399946448340863,0.91724,0.2893194093297925,0.9172
0.01,654571,22,0.2894856299241389,0.91868,0.28586376389829954,0.9178
0.01,654571,23,0.28515007957249533,0.91924,0.28151372973531413,0.919
0.01,654571,24,0.28087439342214365,0.92102,0.2775774776823957,0.9199
0.01,654571,25,0.27684574822261654,0.9222,0.2744749744561703,0.9202
0.01,654571,26,0.2729570783402868,0.92318,0.2707681275559585,0.923
0.01,654571,27,0.26905190391477185,0.924,0.2668999609834165,0.9232
0.01,654571,28,0.26516051026644855,0.92516,0.264108369210084,0.9252
0.01,654571,29,0.261588679729074,0.92608,0.26070261204133177,0.9253
0.01,654571,30,0.2579060453366468,0.92742,0.2570723967849783,0.9272
0.01,654571,31,0.2543515820849535,0.92866,0.25403970719511176,0.9277
0.01,654571,32,0.25080268387194354,0.92954,0.25104631004571326,0.9287
0.01,654571,33,0.24748916857630304,0.9306,0.2478742673798713,0.9281
0.01,654571,34,0.2441604186352573,0.93124,0.24544072346331172,0.9301
0.01,654571,35,0.24109622994485488,0.93248,0.24209000992156443,0.9314
0.01,654571,36,0.23792222321424852,0.93346,0.23908010976095528,0.9328
0.01,654571,37,0.23490041621542018,0.9339,0.23640922577883408,0.9343
0.01,654571,38,0.23187283384956306,0.93486,0.23521664925007243,0.9345
0.01,654571,39,0.22913560988904663,0.93602,0.2314400863081756,0.935
0.01,654571,40,0.22633179531051378,0.9366,0.22910163014353607,0.9354
0.01,654571,41,0.2236504128632816,0.93748,0.22675506252420582,0.9367
0.01,654571,42,0.22102444859273723,0.93792,0.22427748399140174,0.9374
0.01,654571,43,0.2184514702255773,0.93874,0.22221738950966816,0.9381
0.01,654571,44,0.21592605090334666,0.93966,0.21938917747856504,0.9386
0.01,654571,45,0.21340674529616502,0.94024,0.2174654301814879,0.9391
0.01,654571,46,0.21108187879632898,0.94118,0.21522916903751302,0.9393
0.01,654571,47,0.20875711761147003,0.94134,0.21345534395572255,0.941
0.01,654571,48,0.20639934780076702,0.942,0.21137961181718828,0.9407
0.01,654571,49,0.20428669591627124,0.94278,0.21001956966365343,0.9412
0.01,654571,50,0.20212012008192018,0.94378,0.2073937339452707,0.9415
0.01,654571,51,0.20008443376867407,0.9443,0.20566586268031625,0.9418
0.01,654571,52,0.19795500416415826,0.94524,0.2037441905041489,0.943
0.01,654571,53,0.19599101007831857,0.94532,0.2017845713152106,0.9422
0.01,654571,54,0.19398808028457185,0.94618,0.20014187028548458,0.943
0.01,654571,55,0.19206467324163704,0.94674,0.1986578014907128,0.9434
0.01,654571,56,0.19018641280753987,0.94748,0.19728614374069717,0.9435
0.01,654571,57,0.18828957602029925,0.94764,0.19531151528179885,0.9437
0.01,654571,58,0.18654579659030832,0.9483,0.1938337748129885,0.9449
0.01,654571,59,0.18473600306510132,0.94938,0.19242056071014732,0.9441
0.01,654571,60,0.18298939678213097,0.94952,0.19097337730310895,0.9454
0.01,654571,61,0.18126566222190954,0.94984,0.18929113836852576,0.9462
0.01,654571,62,0.17964621527899655,0.95062,0.187798301809934,0.9459
0.01,654571,63,0.177910467100229,0.95074,0.18700283759581132,0.9461
0.01,654571,64,0.17629421083153549,0.95124,0.18483948724356594,0.9473
0.01,654571,65,0.17467186714694183,0.95178,0.1841146456472364,0.9469
0.01,654571,66,0.1731812095351014,0.95208,0.18247715311775062,0.9484
0.01,654571,67,0.1716636400854677,0.95236,0.18125548110632594,0.9485
0.01,654571,68,0.1700318239593101,0.95318,0.17981153868735214,0.9489
0.01,654571,69,0.16865618966305584,0.95334,0.17863222136042856,0.9491
0.01,654571,70,0.16713300404084375,0.95412,0.17763424567555,0.9493
0.01,654571,71,0.16575710946875327,0.95418,0.17652610056159695,0.9503
0.01,654571,72,0.16429296703266827,0.9546,0.17537784001666115,0.9506
0.01,654571,73,0.16289058109709767,0.9549,0.17378920181609128,0.9505
0.01,654571,74,0.16150911516414226,0.9556,0.17221183635978918,0.9514
0.01,654571,75,0.16020566363992858,0.95598,0.1714416107134965,0.9513
0.01,654571,76,0.15886071708894492,0.95656,0.17007648559163593,0.9517
0.01,654571,77,0.1574256896014425,0.9567,0.16917156924418544,0.9519
0.01,654571,78,0.15619846686473943,0.95714,0.16811202278435122,0.9522
0.01,654571,79,0.15487718853459842,0.95758,0.16679572100898965,0.953
0.01,654571,80,0.15369444042739855,0.95798,0.1661862599312092,0.9532
0.01,654571,81,0.1524382750536309,0.95796,0.16481510035794728,0.9532
0.01,654571,82,0.15118299472706204,0.95836,0.16379471609085852,0.9537
0.01,654571,83,0.15001999877460623,0.95902,0.1630160183819215,0.954
0.01,654571,84,0.14874701302005566,0.95988,0.1622859591966895,0.9545
0.01,654571,85,0.14761750110257496,0.95944,0.1608189136357861,0.9544
0.01,654571,86,0.1464489489671239,0.96024,0.15989167276318822,0.9549
0.01,654571,87,0.1452714975130638,0.96064,0.15887207370426792,0.955
0.01,654571,88,0.14406819409655408,0.96096,0.15798249559580363,0.9559
0.01,654571,89,0.14293606226919395,0.96104,0.15718454661347328,0.9556
0.01,654571,90,0.14191828176252316,0.96148,0.1563839544497427,0.9559
0.01,654571,91,0.14077729136055564,0.9622,0.1550968392189552,0.9566
0.01,654571,92,0.13958193290040005,0.96218,0.15454034483075088,0.9565
0.01,654571,93,0.13855597352147783,0.9627,0.1540527699989768,0.9566
0.01,654571,94,0.13749432597298136,0.9628,0.15308574339504344,0.9565
0.01,654571,95,0.1364582068761538,0.96282,0.15244877488198427,0.9568
0.01,654571,96,0.13542834290311626,0.96316,0.1510986726032841,0.9572
0.01,654571,97,0.13432421590612753,0.96362,0.15043035537404106,0.9575
0.01,654571,98,0.1333943791671316,0.96392,0.1492631576214736,0.9576
0.01,654571,99,0.1323740063884227,0.96398,0.1489735331348806,0.9577
0.01,654571,100,0.1313768976021211,0.96442,0.14783898473582088,0.9584
0.01,89250,1,2.253236743599281,0.41662,2.1359997910876984,0.47
0.01,89250,2,1.744077526121533,0.63768,1.28609204691251,0.7225
0.01,89250,3,0.988281563035438,0.77482,0.7867559934091021,0.8162
0.01,89250,4,0.6793088368130829,0.832,0.6015364889148587,0.8464
0.01,89250,5,0.5509158456126646,0.8583,0.5103188968191625,0.8684
0.01,89250,6,0.4825295526649641,0.87346,0.45672966576989893,0.8772
0.01,89250,7,0.44017859527902037,0.88216,0.42131623671448626,0.8857
0.01,89250,8,0.41138129618422237,0.88758,0.397022289558715,0.8906
0.01,89250,9,0.39035171216382913,0.89278,0.3781918819552831,0.8936
0.01,89250,10,0.37456579020151903,0.89592,0.36357967878307984,0.8972
0.01,89250,11,0.36155374452992867,0.89878,0.351336713104035,0.9003
0.01,89250,12,0.3507250928711937,0.90106,0.3413060549836761,0.9028
0.01,89250,13,0.34155520213130774,0.90306,0.3330208372667439,0.905
0.01,89250,14,0.3333968003094193,0.90542,0.3251410387072936,0.9063
0.01,89250,15,0.32605163793955727,0.90708,0.3188104631158043,0.9103
0.01,89250,16,0.31958007648167336,0.90908,0.3126590752351418,0.9123
0.01,89250,17,0.31324447508741143,0.91096,0.3075567207005619,0.9127
0.01,89250,18,0.30777055051675817,0.91212,0.3011450387329464,0.914
0.01,89250,19,0.3021934173904973,0.91438,0.2962138992510017,0.9147
0.01,89250,20,0.29715732744188367,0.91558,0.2917970076913356,0.9173
0.01,89250,21,0.2922614224890987,0.91678,0.2874456391594483,0.9175
0.01,89250,22,0.28759653226730447,0.91872,0.2827588651232175,0.9186
0.01,89250,23,0.2829500038090628,0.91978,0.2793233926429695,0.9206
0.01,89250,24,0.2785716531982653,0.92136,0.27508437785823114,0.9203
0.01,89250,25,0.2742441050967536,0.92234,0.27080844440002677,0.9219
0.01,89250,26,0.2700452639642432,0.92392,0.2673804632290804,0.9239
0.01,89250,27,0.2659785933862442,0.92474,0.2639242783335653,0.9235
0.01,89250,28,0.26208736857673,0.92592,0.2597559546546843,0.9256
0.01,89250,29,0.25829302392582826,0.92742,0.25664502619971374,0.9267
0.01,89250,30,0.2545622485187934,0.92802,0.25336854619245236,0.9271
0.01,89250,31,0.2509021413826273,0.92932,0.25011290307484746,0.929
0.01,89250,32,0.2473735183768473,0.9304,0.24731057059624376,0.9295
0.01,89250,33,0.24395542035968562,0.93184,0.24417903445181388,0.9308
0.01,89250,34,0.24057738701514259,0.93238,0.24095530551757355,0.9315
0.01,89250,35,0.23735168332608184,0.9336,0.23766408271319106,0.933
0.01,89250,36,0.23415993033410043,0.93448,0.2350263692068059,0.9338
0.01,89250,37,0.2311100399602853,0.93542,0.23216321703903842,0.9341
0.01,89250,38,0.22808016128184402,0.93652,0.23015508201363788,0.9352
0.01,89250,39,0.22525018238692487,0.93748,0.22739357480839986,0.9351
0.01,89250,40,0.22230960116232126,0.9384,0.22519828440906053,0.9365
0.01,89250,41,0.21958886319507318,0.93878,0.2220436038984226,0.9371
0.01,89250,42,0.21688837063773025,0.93958,0.2204185215277811,0.9369
0.01,89250,43,0.2142449872884371,0.94032,0.2174506754708736,0.938
0.01,89250,44,0.2115131077020363,0.9411,0.21594521810062542,0.939
0.01,89250,45,0.20912353499153072,0.94248,0.21306378000563037,0.9388
0.01,89250,46,0.20658148799303996,0.94298,0.21143945003162784,0.9391
0.01,89250,47,0.2041859650018038,0.94358,0.20874230447004846,0.9401
0.01,89250,48,0.2018183060923773,0.94414,0.20669481898846453,0.9412
0.01,89250,49,0.19953881036346213,0.9446,0.20455779987451586,0.9418
0.01,89250,50,0.19715896224152918,0.94546,0.2026421041220835,0.9426
0.01,89250,51,0.19504408635221512,0.94586,0.20027977909714406,0.9422
0.01,89250,52,0.1928622465165269,0.94644,0.1991662709091932,0.9426
0.01,89250,53,0.19069379581519785,0.94716,0.1974992527730876,0.9431
0.01,89250,54,0.18861724452494807,0.94762,0.19517391708092585,0.9441
0.01,89250,55,0.1865359444483646,0.94848,0.19305604524663994,0.9446
0.01,89250,56,0.18431468899621214,0.94934,0.19234324582355591,0.9444
0.01,89250,57,0.1825181622669372,0.9495,0.18990355686534519,0.9452
0.01,89250,58,0.1804819183756438,0.95048,0.18811554126379193,0.9458
0.01,89250,59,0.17852311961838263,0.9508,0.18642930090644216,0.9462
0.01,89250,60,0.17669810241389586,0.95102,0.18477696767733875,0.9466
0.01,89250,61,0.1748373093072526,0.95174,0.18281146210319862,0.9477
0.01,89250,62,0.1728994809318774,0.95262,0.18132904316996115,0.9478
0.01,89250,63,0.1711065464038244,0.95272,0.17967791773951658,0.9483
0.01,89250,64,0.16942357401057376,0.95314,0.1782765112228314,0.9486
0.01,89250,65,0.16766226016276378,0.95334,0.1766899486885286,0.9496
0.01,89250,66,0.16584068522221704,0.9543,0.175475997825931,0.9487
0.01,89250,67,0.1643084415834345,0.95498,0.17390346649357163,0.9496
0.01,89250,68,0.1625143312395639,0.9551,0.17235502193955796,0.9498
0.01,89250,69,0.16093755176268096,0.95528,0.17094219503624322,0.9507
0.01,89250,70,0.1592142176769921,0.95584,0.16976905255367325,0.951
0.01,89250,71,0.1577314645161175,0.95654,0.16804334439879257,0.9518
0.01,89250,72,0.15618010744326288,0.95696,0.16670090652671296,0.9518
0.01,89250,73,0.15461693863700518,0.9572,0.16553879679615094,0.9523
0.01,89250,74,0.15318067132907395,0.95762,0.16447622814412105,0.9523
0.01,89250,75,0.15155759007866332,0.95834,0.16401120753005927,0.9529
0.01,89250,76,0.15015675692879762,0.95822,0.16147242268946266,0.9538
0.01,89250,77,0.14878524789287306,0.95854,0.16070471156463811,0.9543
0.01,89250,78,0.1473801907247959,0.9595,0.15909944828981076,0.954
0.01,89250,79,0.14593457047849945,0.95948,0.15826353518638395,0.9542
0.01,89250,80,0.14456410595413363,0.95974,0.15719552247147736,0.9543
0.01,89250,81,0.14323699981312515,0.96038,0.15562203443464037,0.9548
0.01,89250,82,0.14196849395305938,0.96056,0.15469012446584648,0.955
0.01,89250,83,0.1405042160052095,0.96152,0.15435877413647253,0.9547
0.01,89250,84,0.13946219088192596,0.96148,0.1522304719047885,0.9555
0.01,89250,85,0.1380937079912618,0.96186,0.15128016792370105,0.9561
0.01,89250,86,0.13692472744760661,0.96246,0.1503741752960345,0.9561
0.01,89250,87,0.1356928825465755,0.96278,0.14930223080179258,0.9559
0.01,89250,88,0.134460325195883,0.96316,0.14850813286698816,0.9564
0.01,89250,89,0.1333029167359237,0.96378,0.14726447968541287,0.9569
0.01,89250,90,0.1319906764625418,0.964,0.14626652211665095,0.9564
0.01,89250,91,0.13096124988802396,0.9644,0.14529605204645743,0.9574
0.01,89250,92,0.12981195929275063,0.9648,0.14446854185340718,0.9572
0.01,89250,93,0.12869545189948975,0.96486,0.1438666557315018,0.9567
0.01,89250,94,0.12762453502781684,0.96554,0.1424881663144208,0.9578
0.01,89250,95,0.1265412061796913,0.9656,0.14151349531845497,0.9582
0.01,89250,96,0.12544409987593727,0.96594,0.1409044978400475,0.9588
0.01,89250,97,0.12441944455942067,0.9665,0.13996085594270016,0.9585
0.01,89250,98,0.12339170315245898,0.96644,0.1390157151245221,0.9586
0.01,89250,99,0.12228444047634181,0.96714,0.1386887871627556,0.9586
0.01,89250,100,0.12137516530507751,0.9673,0.13756428242047083,0.9593
0.01,773955,1,2.2465057294905604,0.38838,2.1167001159312067,0.4803
0.01,773955,2,1.7136018733555471,0.64498,1.2574992838183479,0.7396
0.01,773955,3,0.9709885833688223,0.78274,0.7768683410077285,0.814
0.01,773955,4,0.6740002084859146,0.83342,0.5993002615225616,0.8446
0.01,773955,5,0.5495096110534046,0.85834,0.5092440271932674,0.8665
0.01,773955,6,0.48208160272199174,0.87334,0.45583397353972815,0.8769
0.01,773955,7,0.43974656803787127,0.88242,0.42120836667315453,0.885
0.01,773955,8,0.41089550792255286,0.88868,0.39613476380058926,0.8907
0.01,773955,9,0.390053844741301,0.89306,0.3777903299633632,0.8943
0.01,773955,10,0.37370220896900364,0.89666,0.364343102418574,0.8972
0.01,773955,11,0.36109599587025426,0.89888,0.3514655998834207,0.9
0.01,773955,12,0.35021727777349776,0.90148,0.3413256062853871,0.9036
0.01,773955,13,0.3409299170577818,0.9035,0.33302689171152494,0.9049
0.01,773955,14,0.33277557306886435,0.90558,0.3255463873383156,0.9077
0.01,773955,15,0.32558388788045084,0.9073,0.318738629838783,0.9089
0.01,773955,16,0.31894733431171635,0.90924,0.3122893319802948,0.911
0.01,773955,17,0.31281570753961496,0.911,0.3078996089532101,0.9137
0.01,773955,18,0.307321918710337,0.91264,0.3015807009641026,0.9132
0.01,773955,19,0.302009721985866,0.91438,0.2969571029213716,0.9159
0.01,773955,20,0.2970186617111747,0.91538,0.2921623956077358,0.9161
0.01,773955,21,0.29227312601497996,0.91688,0.28890642372787495,0.9172
0.01,773955,22,0.28779196731898027,0.91862,0.2845974914609542,0.9186
0.01,773955,23,0.28339048089617697,0.91986,0.2802122135413403,0.9182
0.01,773955,24,0.2791694791533519,0.9211,0.27674610907146785,0.9194
0.01,773955,25,0.27518281056311805,0.92212,0.27324375422188835,0.9212
0.01,773955,26,0.2712603292884894,0.92338,0.2702463616178565,0.9219
0.01,773955,27,0.26744498141478945,0.92438,0.266410015983929,0.9224
0.01,773955,28,0.26371992576679915,0.92546,0.26272643815187086,0.9237
0.01,773955,29,0.25995245364658187,0.92624,0.26061449924715324,0.9242
0.01,773955,30,0.25639813742942447,0.9278,0.25816380857167476,0.9263
0.01,773955,31,0.253109773074844,0.9287,0.2537863917005143,0.9264
0.01,773955,32,0.24972414226199452,0.93008,0.2506945722047733,0.9271
0.01,773955,33,0.24647763596461184,0.93096,0.24783593357023334,0.9278
0.01,773955,34,0.2431070141325498,0.93206,0.2453312444320923,0.9295
0.01,773955,35,0.2399740471212233,0.9325,0.24178754313722434,0.9313
0.01,773955,36,0.23696011299387115,0.93348,0.2390462829030188,0.9318
0.01,773955,37,0.23385799812820574,0.93464,0.2366651551299533,0.932
0.01,773955,38,0.23073973842213055,0.9354,0.23383033726754915,0.9325
0.01,773955,39,0.22798649554679323,0.9361,0.23112915810869394,0.9341
0.01,773955,40,0.22512156444546555,0.93736,0.22841863104313276,0.9349
0.01,773955,41,0.2222482646514109,0.93764,0.2262756740173413,0.936
0.01,773955,42,0.2195095609972714,0.93856,0.22323872443842133,0.937
0.01,773955,43,0.21665350841864073,0.93976,0.2210930654489988,0.9376
0.01,773955,44,0.21402490836886723,0.94032,0.21834900101792273,0.9372
0.01,773955,45,0.2114124418808868,0.9412,0.21598583670806584,0.9394
0.01,773955,46,0.2088327988932807,0.94212,0.2136785571688718,0.9391
0.01,773955,47,0.20629890111789323,0.94262,0.21137740040079026,0.9394
0.01,773955,48,0.20365508331975476,0.94376,0.20925951434855225,0.9408
0.01,773955,49,0.20130488953051806,0.94432,0.20714869917377973,0.9409
0.01,773955,50,0.19890008459102726,0.94494,0.20524557199191987,0.9415
0.01,773955,51,0.19653343693615502,0.94556,0.2030033039300215,0.9415
0.01,773955,52,0.1941907727399938,0.946,0.20108999811440545,0.9426
0.01,773955,53,0.19206214076626751,0.94704,0.19878399548737996,0.9431
0.01,773955,54,0.189737007838891,0.94752,0.196934302045968,0.9435
0.01,773955,55,0.18763912658196355,0.94856,0.19524547224612496,0.9442
0.01,773955,56,0.18537926631824178,0.94912,0.19312106449525737,0.9443
0.01,773955,57,0.18334634657836435,0.95,0.191234479725613,0.9458
0.01,773955,58,0.18128138402409397,0.9503,0.18956609079593692,0.9461
0.01,773955,59,0.1792436716787829,0.9508,0.18797130275981994,0.947
0.01,773955,60,0.17727064225837705,0.9515,0.18576520484028364,0.9476
0.01,773955,61,0.17530999206816059,0.95178,0.18453308292724713,0.9477
0.01,773955,62,0.17337925020507988,0.95206,0.18261335798920614,0.9478
0.01,773955,63,0.1715768118364233,0.95276,0.18131751798072743,0.9492
0.01,773955,64,0.16970789970217953,0.95344,0.17947843334242508,0.9493
0.01,773955,65,0.16798009883467208,0.95356,0.178006833661367,0.9498
0.01,773955,66,0.16616809044856443,0.95438,0.17671089955019667,0.9499
0.01,773955,67,0.16450068141409785,0.95474,0.17496103220239814,0.9507
0.01,773955,68,0.16278040599079427,0.95526,0.17319984533152552,0.9509
0.01,773955,69,0.16107720208257634,0.95548,0.17230410739734442,0.9513
0.01,773955,70,0.15931957474109826,0.95598,0.17053391091326053,0.9516
0.01,773955,71,0.15772314811214405,0.95608,0.16929137483512297,0.953
0.01,773955,72,0.15616336280424542,0.957,0.16794396850902857,0.9527
0.01,773955,73,0.1546338144250739,0.95718,0.166943609081969,0.9531
0.01,773955,74,0.15314489104370982,0.95754,0.16509618202907825,0.9537
0.01,773955,75,0.1516804341710958,0.9577,0.16427923462761324,0.9544
0.01,773955,76,0.15024573418297904,0.95816,0.16241428959489262,0.9545
0.01,773955,77,0.14878589508657883,0.95874,0.16191130209461274,0.9547
0.01,773955,78,0.147335005266754,0.9591,0.1603869261248339,0.955
0.01,773955,79,0.1458067731323818,0.95954,0.15944552501278125,0.9553
0.01,773955,80,0.14460031238959883,0.95964,0.15779495101913557,0.9555
0.01,773955,81,0.14326176029200238,0.96018,0.15669351701895304,0.9552
0.01,773955,82,0.14196383252131592,0.9607,0.15578489956430475,0.9553
0.01,773955,83,0.14064756752177843,0.96116,0.15439686988767745,0.956
0.01,773955,84,0.13925100581489308,0.9615,0.15409323147798917,0.9558
0.01,773955,85,0.13814059519933664,0.96168,0.1523709928454194,0.956
0.01,773955,86,0.1367875071345467,0.96214,0.15169600617564302,0.956
0.01,773955,87,0.1356421633167831,0.9626,0.1503537984532408,0.9573
0.01,773955,88,0.13444093426562284,0.9629,0.14938083864690482,0.9572
0.01,773955,89,0.13323879562400487,0.96292,0.14882166363402297,0.9578
0.01,773955,90,0.13208838879403043,0.9637,0.1473942337728135,0.9578
0.01,773955,91,0.13097695779146662,0.96396,0.14644883216981394,0.959
0.01,773955,92,0.1297724887025996,0.96446,0.14583134398788114,0.9579
0.01,773955,93,0.12873183468317617,0.96464,0.14479979984876715,0.9594
0.01,773955,94,0.12761621836511,0.9648,0.14355237363220652,0.9594
0.01,773955,95,0.12660723266216517,0.96478,0.14270369751742548,0.9593
0.01,773955,96,0.1255656315092454,0.96534,0.14201491351309975,0.9598
0.01,773955,97,0.1245171955601056,0.96574,0.14120551899609476,0.9602
0.01,773955,98,0.12348286143972559,0.96608,0.14084216714900982,0.96
0.01,773955,99,0.1225062380679393,0.96634,0.13945350478544113,0.9608
0.01,773955,100,0.12148195321163095,0.96652,0.13899309891044714,0.9599
0.1,654571,1,0.8449972835041906,0.77042,0.38436853639459106,0.8892
0.1,654571,2,0.3346232477635552,0.9046,0.31062578810357766,0.9067
0.1,654571,3,0.2808923633018693,0.92006,0.264507783503996,0.925
0.1,654571,4,0.24333098212667076,0.9316,0.23361795637248112,0.9325
0.1,654571,5,0.21531605231285247,0.93986,0.2066099113763004,0.9405
0.1,654571,6,0.19393331187991344,0.94584,0.18666271395572182,0.9463
0.1,654571,7,0.17660543301985632,0.94988,0.17804857542089633,0.9497
0.1,654571,8,0.16216144246267244,0.95466,0.17136749887990002,0.9498
0.1,654571,9,0.1499693771007921,0.95812,0.15680049564904144,0.9553
0.1,654571,10,0.1386814437516343,0.96054,0.14445187104601345,0.9579
0.1,654571,11,0.12839549321920252,0.9647,0.14109303297902945,0.9594
0.1,654571,12,0.11924316729667622,0.96676,0.1312244892392059,0.9624
0.1,654571,13,0.11151553214815992,0.96958,0.12609061564123997,0.9634
0.1,654571,14,0.10431540463786461,0.9708,0.12158920776502255,0.9653
0.1,654571,15,0.09766444190273255,0.97268,0.11573885498168646,0.9668
0.1,654571,16,0.09202564266716931,0.97444,0.11404057266316843,0.9677
0.1,654571,17,0.08662454079926875,0.9765,0.10796106025326482,0.9685
0.1,654571,18,0.08155241682913812,0.978,0.10376284493447022,0.9696
0.1,654571,19,0.0770324482775352,0.9791,0.10204871589773666,0.9708
0.1,654571,20,0.07298752636713354,0.98032,0.09698920291044082,0.9715
0.1,654571,21,0.06946827577957917,0.98104,0.09671817293234941,0.9706
0.1,654571,22,0.06569485150382835,0.98212,0.09572872179564688,0.9721
0.1,654571,23,0.06265956597236626,0.98288,0.09306335572146766,0.9723
0.1,654571,24,0.059603549921734146,0.98428,0.09137761572551244,0.9729
0.1,654571,25,0.056662523716012485,0.98508,0.08947479391057642,0.9725
0.1,654571,26,0.054211988935939835,0.98568,0.08754940693061139,0.9736
0.1,654571,27,0.051736315104834445,0.9867,0.08645313405506101,0.9728
0.1,654571,28,0.04939945652630473,0.98708,0.08961538812748017,0.9727
0.1,654571,29,0.0473366474511844,0.98802,0.08447957927610306,0.9737
0.1,654571,30,0.04516064840738867,0.98838,0.08260610942908062,0.9748
0.1,654571,31,0.04337705443172589,0.98952,0.08115896664586682,0.9758
0.1,654571,32,0.041447332281494866,0.98944,0.0812256446552806,0.9757
0.1,654571,33,0.039850503199368476,0.99024,0.08009154059278242,0.9758
0.1,654571,34,0.03805704252782812,0.99084,0.07846183256700168,0.9763
0.1,654571,35,0.03679589567778403,0.9914,0.07785204570620063,0.9757
0.1,654571,36,0.035173250541038086,0.9917,0.07922700655919913,0.9756
0.1,654571,37,0.03372772808539674,0.99226,0.0775585940222946,0.9762
0.1,654571,38,0.03250367836374921,0.9926,0.07995328987152164,0.9747
0.1,654571,39,0.031362082801888055,0.99278,0.07599750544478437,0.9761
0.1,654571,40,0.030029910523789203,0.9937,0.07513541681968415,0.9768
0.1,654571,41,0.028952871417161494,0.99374,0.07508163338498117,0.9775
0.1,654571,42,0.027915510847426307,0.9939,0.07523102135461533,0.9768
0.1,654571,43,0.02685681359320376,0.99432,0.07535546905700076,0.9767
0.1,654571,44,0.02589660757330259,0.9948,0.07613681770174752,0.9774
0.1,654571,45,0.02481807660818374,0.99508,0.07361514707845225,0.9769
0.1,654571,46,0.024052568113957222,0.99534,0.07465709645182296,0.9776
0.1,654571,47,0.02329279660899442,0.99558,0.07445014255988185,0.9779
0.1,654571,48,0.022427295520785564,0.996,0.07340647856139693,0.9781
0.1,654571,49,0.02166813297596986,0.9963,0.07484902660006834,0.9771
0.1,654571,50,0.020949372444614128,0.99644,0.07476008751577387,0.978
0.1,654571,51,0.020287960261104777,0.9967,0.07302764851722703,0.9786
0.1,654571,52,0.01943449126228228,0.99706,0.07319019452021203,0.9781
0.1,654571,53,0.01888963200890745,0.99708,0.07266538725492164,0.979
0.1,654571,54,0.01815093356918456,0.9975,0.07243924476081752,0.9785
0.1,654571,55,0.017679875183193777,0.99752,0.07159724786384886,0.9782
0.1,654571,56,0.016950320440840362,0.99788,0.07345832075608401,0.9791
0.1,654571,57,0.016524903806857075,0.99784,0.0723998082486656,0.9789
0.1,654571,58,0.015993955231826017,0.99804,0.07283635989680248,0.9793
0.1,654571,59,0.01557267345783403,0.99814,0.07182576163269769,0.9791
0.1,654571,60,0.015030673856397848,0.9982,0.07234682684264385,0.9792
0.1,654571,61,0.014521360879522263,0.99852,0.07267532930337076,0.9787
0.1,654571,62,0.014171932870890823,0.9984,0.07297321383448112,0.9792
0.1,654571,63,0.013760038062821186,0.99836,0.07259098797907358,0.9783
0.1,654571,64,0.013282781697792859,0.99858,0.07191792531119484,0.9787
0.1,654571,65,0.01296253630278248,0.99866,0.07216498456013096,0.9783
0.1,654571,66,0.012482108757761682,0.99876,0.07264732840176036,0.9789
0.1,654571,67,0.012139695049255154,0.99886,0.07292423566160088,0.9785
0.1,654571,68,0.011791775289607044,0.99898,0.0730517328982921,0.978
0.1,654571,69,0.011507196164006727,0.99912,0.07263823400629478,0.9787
0.1,654571,70,0.011162433578281969,0.9991,0.0734723226313655,0.9795
0.1,654571,71,0.010841683170683057,0.99918,0.07318365491865562,0.9791
0.1,654571,72,0.010659458151037153,0.99924,0.0726931268317808,0.9791
0.1,654571,73,0.010300204367299821,0.99918,0.07177027890998497,0.9796
0.1,654571,74,0.009984520284295537,0.99936,0.07196594482358445,0.9792
0.1,654571,75,0.0097408434623639,0.9993,0.07256912987299043,0.98
0.1,654571,76,0.009475786674425469,0.9994,0.07315158432287092,0.9791
0.1,654571,77,0.009205449044189401,0.99948,0.07323794792221278,0.979
0.1,654571,78,0.008959401058636596,0.99946,0.07285414415683204,0.9787
0.1,654571,79,0.008756711767999971,0.99952,0.07339774087220828,0.9793
0.1,654571,80,0.008588545977288628,0.99954,0.07296881974228228,0.9785
0.1,654571,81,0.00836209420377292,0.99948,0.07328779420861635,0.9796
0.1,654571,82,0.008146613088532376,0.99952,0.0731662127386338,0.9794
0.1,654571,83,0.007939656811564982,0.99954,0.07377937570323255,0.979
0.1,654571,84,0.007808556752834961,0.99962,0.07292961973249094,0.9789
0.1,654571,85,0.007587805766418978,0.99966,0.07287683650838668,0.979
0.1,654571,86,0.007389287924779684,0.9997,0.07370353353776363,0.9792
0.1,654571,87,0.007215475210357409,0.99966,0.07438510532883255,0.979
0.1,654571,88,0.0070670514728285285,0.99976,0.07353026025181486,0.9791
0.1,654571,89,0.006893323218203685,0.9997,0.07533867870108989,0.9796
0.1,654571,90,0.006817209365669813,0.99974,0.07341383872966539,0.9796
0.1,654571,91,0.00659043626949997,0.99972,0.07415493318350608,0.9793
0.1,654571,92,0.006509214156718714,0.9998,0.0745271682666559,0.9797
0.1,654571,93,0.006312535344818897,0.99978,0.07383388973427708,0.9796
0.1,654571,94,0.006236614667478033,0.99976,0.0741493221795712,0.9794
0.1,654571,95,0.006069015055265072,0.99984,0.07522190969537976,0.9788
0.1,654571,96,0.005952366370951113,0.9998,0.07445231252950106,0.9791
0.1,654571,97,0.0058479039085743,0.9998,0.07402861205142892,0.9796
0.1,654571,98,0.005750306799146825,0.9998,0.07381732815509635,0.9793
0.1,654571,99,0.005617856501734996,0.99984,0.07468252396107418,0.9794
0.1,654571,100,0.005512646906223869,0.99988,0.07506565636790104,0.9794
0.1,89250,1,0.8489915399479467,0.78226,0.37272591618681156,0.8925
0.1,89250,2,0.3335391262431221,0.90432,0.2934831743903742,0.9148
0.1,89250,3,0.2768463704413384,0.92128,0.2518761351429784,0.9278
0.1,89250,4,0.2397660931937538,0.93252,0.2290984626053274,0.933
0.1,89250,5,0.21085209122183365,0.94066,0.20410732601446863,0.9413
0.1,89250,6,0.1880360844602972,0.94758,0.18425788096964446,0.9473
0.1,89250,7,0.16953740144243903,0.9525,0.16828755415292454,0.9518
0.1,89250,8,0.1540941083746412,0.95728,0.15755781423121532,0.9539
0.1,89250,9,0.14047155622150423,0.9606,0.14868169876144874,0.9558
0.1,89250,10,0.1294981283772953,0.9642,0.1397979103819253,0.9596
0.1,89250,11,0.11962622641689462,0.96726,0.12977363613058557,0.9613
0.1,89250,12,0.11097595986661934,0.96972,0.12568105257183795,0.9617
0.1,89250,13,0.10372916367684974,0.97124,0.11942438097389844,0.9638
0.1,89250,14,0.09705914578089671,0.97306,0.11258346815894085,0.9662
0.1,89250,15,0.09101709666879118,0.97554,0.11060457330201477,0.9671
0.1,89250,16,0.08582009465538444,0.97688,0.10546760447498223,0.9669
0.1,89250,17,0.08079129295140403,0.9781,0.10191222166136472,0.9687
0.1,89250,18,0.07658521626822624,0.9794,0.09936632152679349,0.9693
0.1,89250,19,0.07241221067603425,0.98012,0.09613044509129799,0.9707
0.1,89250,20,0.06924401523479176,0.98116,0.09579420812532423,0.9707
0.1,89250,21,0.065855493007665,0.9827,0.09329752912479451,0.9714
0.1,89250,22,0.06258481206830896,0.98306,0.09061555467426849,0.9728
0.1,89250,23,0.05947863209732698,0.98412,0.08938426504723831,0.9739
0.1,89250,24,0.05666304958193016,0.98522,0.09101494378186172,0.9712
0.1,89250,25,0.05455417298039504,0.98562,0.08666971297558587,0.9743
0.1,89250,26,0.052184621290110346,0.98644,0.08785265664396082,0.9725
0.1,89250,27,0.049892758390311126,0.98702,0.08641729622847914,0.9727
0.1,89250,28,0.047465158897534304,0.98806,0.08307927000411312,0.9746
0.1,89250,29,0.04582167866384659,0.98854,0.08457451995112573,0.9723
0.1,89250,30,0.044070559523316094,0.98902,0.08308679617242558,0.9744
0.1,89250,31,0.042178690181177605,0.98976,0.08714915267469203,0.9726
0.1,89250,32,0.04053346210603922,0.99012,0.08120729138744709,0.9749
0.1,89250,33,0.03897147319608309,0.99066,0.0821801668051557,0.9748
0.1,89250,34,0.037258792633517245,0.99124,0.08141353658233393,0.9751
0.1,89250,35,0.03618881188983376,0.99144,0.07972228820106834,0.9749
0.1,89250,36,0.03480731668927832,0.99164,0.07887939847660501,0.9749
0.1,89250,37,0.03328938365919715,0.99222,0.07931560170553559,0.9764
0.1,89250,38,0.03237832285299575,0.99238,0.07866221878087067,0.9754
0.1,89250,39,0.03105881485810975,0.99308,0.07735068987323038,0.9761
0.1,89250,40,0.02993254485525676,0.99352,0.07893326931170033,0.9769
0.1,89250,41,0.028720477628042935,0.99362,0.0772716531890331,0.9771
0.1,89250,42,0.027647034289899303,0.99402,0.07917610246178138,0.9765
0.1,89250,43,0.026826230063261628,0.9943,0.07640075753669942,0.9757
0.1,89250,44,0.025856271846303243,0.9945,0.07655888242793167,0.9767
0.1,89250,45,0.024835016899750696,0.99526,0.07870605442318905,0.9773
0.1,89250,46,0.024017708012389134,0.9953,0.07742076373958408,0.9764
0.1,89250,47,0.0232392653484673,0.99568,0.07867106578333495,0.976
0.1,89250,48,0.02264273787669109,0.99566,0.07645766876136426,0.9768
0.1,89250,49,0.021759516540801365,0.99624,0.07613599439597232,0.9767
0.1,89250,50,0.021104786307091887,0.99634,0.07719639115937581,0.9779
0.1,89250,51,0.020331423867614995,0.99656,0.07746305029383949,0.978
0.1,89250,52,0.01972088691233718,0.9967,0.07617528922299208,0.978
0.1,89250,53,0.018887689307573775,0.99686,0.0769315881397986,0.9773
0.1,89250,54,0.018339275292305567,0.99716,0.07618062741223947,0.9779
0.1,89250,55,0.017791567900385795,0.99734,0.07648396374045902,0.9777
0.1,89250,56,0.017139101671208874,0.99764,0.07656816823093665,0.9778
0.1,89250,57,0.016703205348509602,0.99756,0.07541149327740723,0.9773
0.1,89250,58,0.016146236307501557,0.9979,0.07589957995733991,0.9773
0.1,89250,59,0.015584529999402921,0.99794,0.07601472620970402,0.9773
0.1,89250,60,0.015146968784663425,0.99814,0.07526124566245719,0.9783
0.1,89250,61,0.014714924228216164,0.9982,0.07525983299166558,0.9777
0.1,89250,62,0.014356673391293285,0.99838,0.07438624567538295,0.9778
0.1,89250,63,0.013868625236878427,0.99832,0.07580107851736481,0.9781
0.1,89250,64,0.013452558203647368,0.99856,0.07650563723009542,0.9783
0.1,89250,65,0.013123930513273705,0.9985,0.07565965615864169,0.9785
0.1,89250,66,0.012689763077751628,0.99882,0.07597016109678568,0.9786
0.1,89250,67,0.012297580874472499,0.9988,0.07720086919409297,0.9779
0.1,89250,68,0.011930398519204065,0.999,0.07593618481695892,0.9795
0.1,89250,69,0.011695168991152985,0.99894,0.07749214929507348,0.9777
0.1,89250,70,0.011285079798179876,0.99902,0.07840383123769522,0.9774
0.1,89250,71,0.011018440826671118,0.99916,0.07624385049719551,0.9782
0.1,89250,72,0.010690303996625062,0.99918,0.07744678190775613,0.9781
0.1,89250,73,0.010397022101476127,0.99922,0.07688348865238523,0.9783
0.1,89250,74,0.010226768894200289,0.99922,0.07671277917711487,0.9781
0.1,89250,75,0.009852720969800574,0.99922,0.07782686892211055,0.9781
0.1,89250,76,0.009594586572260614,0.99932,0.07747389325953423,0.9779
0.1,89250,77,0.009465283611846365,0.99928,0.0772187974280699,0.9782
0.1,89250,78,0.009157830157022736,0.99944,0.07745436484970997,0.9788
0.1,89250,79,0.00895370148465154,0.99938,0.07772575850578273,0.978
0.1,89250,80,0.008717926673292695,0.99944,0.07803019055199605,0.9787
0.1,89250,81,0.008519799680033881,0.99946,0.07711227954153865,0.9786
0.1,89250,82,0.00831480604103855,0.99954,0.07729188287463994,0.9787
0.1,89250,83,0.008098808211811536,0.9995,0.07904928752016756,0.9793
0.1,89250,84,0.007973428215797993,0.99954,0.07858258779390938,0.9787
0.1,89250,85,0.007758633396681855,0.99956,0.07839218572111654,0.9784
0.1,89250,86,0.007599774253761514,0.9996,0.07862655657497797,0.9785
0.1,89250,87,0.007391161249426001,0.99958,0.08056986987261633,0.9778
0.1,89250,88,0.0072582784562156295,0.99968,0.079496965297002,0.9782
0.1,89250,89,0.007101648577387494,0.99966,0.07882887126407608,0.9781
0.1,89250,90,0.006930267354765931,0.9997,0.07905439779050222,0.9787
0.1,89250,91,0.006758407694866122,0.99966,0.07910739452156412,0.9787
0.1,89250,92,0.006611469785499686,0.99972,0.07829457864410796,0.9788
0.1,89250,93,0.00647328166390764,0.99968,0.07921978217286522,0.9794
0.1,89250,94,0.0063603574661790716,0.99974,0.07872310867888845,0.9794
0.1,89250,95,0.00622169852162834,0.99976,0.07983855382631527,0.9789
0.1,89250,96,0.006095204382914448,0.99976,0.08022544122134367,0.9782
0.1,89250,97,0.006011846654118245,0.99978,0.07905431081769547,0.979
0.1,89250,98,0.00582080995405109,0.99986,0.07983516274722709,0.9787
0.1,89250,99,0.005764569358053137,0.9998,0.08008156057797626,0.9786
0.1,89250,100,0.005628023976191273,0.99982,0.08042245737767167,0.9787
0.1,773955,1,0.8415264246888604,0.78244,0.3751575621287497,0.8954
0.1,773955,2,0.33253277021981137,0.90474,0.30324925179789236,0.9115
0.1,773955,3,0.28087954681080524,0.91964,0.2734741963293925,0.9178
0.1,773955,4,0.2434466642207618,0.93106,0.2333541696033495,0.9339
0.1,773955,5,0.21401669225468667,0.9399,0.2020354840245889,0.9422
0.1,773955,6,0.19023185005410856,0.94662,0.184459913716571,0.9478
0.1,773955,7,0.1703853415537127,0.95196,0.17204349938928765,0.9511
0.1,773955,8,0.15446083108587175,0.95648,0.15797038409393094,0.9542
0.1,773955,9,0.14085529927922294,0.96056,0.148357139612768,0.9576
0.1,773955,10,0.1292144804968453,0.96396,0.14266078176447278,0.9605
0.1,773955,11,0.11950156533966745,0.96676,0.13103936305215083,0.9625
0.1,773955,12,0.11065952203490519,0.96918,0.1250475648059146,0.9648
0.1,773955,13,0.10281752808295282,0.97118,0.11951801723707192,0.9662
0.1,773955,14,0.09643370031458966,0.97308,0.11275646137006132,0.9665
0.1,773955,15,0.09044611729157442,0.97544,0.10809507793168018,0.9686
0.1,773955,16,0.0853149216985375,0.97682,0.10633067875992099,0.9692
0.1,773955,17,0.08042171410133288,0.97796,0.10290187106041353,0.9698
0.1,773955,18,0.07620054148090379,0.97968,0.10117106836893491,0.9711
0.1,773955,19,0.07230612484187253,0.98026,0.09765984592029538,0.971
0.1,773955,20,0.0682889407291378,0.9814,0.09289422346034436,0.9717
0.1,773955,21,0.06504627667134655,0.98232,0.09544333420925943,0.972
0.1,773955,22,0.06195302692257529,0.98316,0.09118077866808995,0.972
0.1,773955,23,0.059014238541968016,0.98442,0.08989743156133086,0.9738
0.1,773955,24,0.05668462863817852,0.98518,0.08906836654464688,0.9729
0.1,773955,25,0.05424622132507375,0.98596,0.08676630869639135,0.9735
0.1,773955,26,0.05181434339202342,0.98632,0.08517362576950138,0.9748
0.1,773955,27,0.04957610957621277,0.98724,0.08380284557305899,0.9751
0.1,773955,28,0.047481233198443676,0.9877,0.08225700583876416,0.9757
0.1,773955,29,0.045541148575150334,0.98856,0.084083873586335,0.9748
0.1,773955,30,0.043587834582209516,0.9886,0.08501333605761036,0.9746
0.1,773955,31,0.04194251643281343,0.98918,0.08326217023745495,0.9754
0.1,773955,32,0.040499737472935456,0.98996,0.07975142917765685,0.9759
0.1,773955,33,0.03872515238735664,0.99078,0.07746323249875042,0.9762
0.1,773955,34,0.03719349178769869,0.99084,0.08039116512373733,0.9753
0.1,773955,35,0.0359331367040213,0.9911,0.0767644622759298,0.9766
0.1,773955,36,0.034607664225340305,0.99162,0.07726434798391432,0.9775
0.1,773955,37,0.03331597813521131,0.9919,0.07770642727669429,0.976
0.1,773955,38,0.031986313558037376,0.99262,0.07636967275211765,0.9772
0.1,773955,39,0.030961449951070166,0.99252,0.0757563407784756,0.9765
0.1,773955,40,0.029783412436886557,0.99338,0.07822697698049447,0.9761
0.1,773955,41,0.028576142206296753,0.99362,0.07709923692718347,0.9772
0.1,773955,42,0.027697932159143426,0.99402,0.0759825917418591,0.9767
0.1,773955,43,0.026656564900513626,0.99444,0.07438950204360076,0.9777
0.1,773955,44,0.025694569784215988,0.99466,0.07412852897163477,0.9774
0.1,773955,45,0.02503424744127744,0.99486,0.07527467434480833,0.9778
0.1,773955,46,0.023958452406899464,0.99522,0.07494823358848746,0.9784
0.1,773955,47,0.023370898169200013,0.9953,0.0743033565929806,0.9768
0.1,773955,48,0.022348362931615465,0.99598,0.07384146603333289,0.9775
0.1,773955,49,0.021692665783873973,0.9958,0.07465120965960098,0.9771
0.1,773955,50,0.02097899763835017,0.99634,0.07389355186750093,0.978
0.1,773955,51,0.020398246048839434,0.9963,0.07416984945034329,0.9775
0.1,773955,52,0.019688651562843645,0.99672,0.07450706723113719,0.9775
0.1,773955,53,0.019166155709871992,0.99674,0.07464107541064124,0.9774
0.1,773955,54,0.01844033145367085,0.99712,0.07365049198151472,0.9775
0.1,773955,55,0.017864908756386008,0.99718,0.0759505376431574,0.9776
0.1,773955,56,0.01728926569365243,0.9973,0.07422675878139436,0.9774
0.1,773955,57,0.01692500699285247,0.99748,0.07458154619773591,0.9776
0.1,773955,58,0.016235661977783065,0.99772,0.07305880285239406,0.9777
0.1,773955,59,0.015756297098303552,0.99804,0.07334694630156319,0.9774
0.1,773955,60,0.015364581530742712,0.99784,0.07465856352336782,0.9785
0.1,773955,61,0.014969227042159763,0.99814,0.07391780511788792,0.978
0.1,773955,62,0.01455587823953073,0.99822,0.07303035538363983,0.9774
0.1,773955,63,0.014019234454527626,0.99838,0.0741859069714905,0.9782
0.1,773955,64,0.013699640482286682,0.9985,0.07451533217434295,0.9777
0.1,773955,65,0.013256058052819453,0.99866,0.07558849830315077,0.9775
0.1,773955,66,0.01300884312278012,0.99876,0.07496006224664811,0.9777
0.1,773955,67,0.012582521878557655,0.99872,0.07406402805387066,0.9783
0.1,773955,68,0.012245964012434002,0.9987,0.07407110900984265,0.9779
0.1,773955,69,0.01194426842451971,0.99894,0.07466736226013125,0.977
0.1,773955,70,0.01162905694844192,0.99898,0.07416990090510378,0.9777
0.1,773955,71,0.011343138006450693,0.99892,0.074858652619209,0.9774
0.1,773955,72,0.010990244204726145,0.99898,0.07452653869372583,0.9786
0.1,773955,73,0.010679078496737977,0.99918,0.07466071414090865,0.9778
0.1,773955,74,0.01037249679504924,0.99912,0.07458397292311424,0.9779
0.1,773955,75,0.010173750904046179,0.9991,0.07504657325825391,0.9772
0.1,773955,76,0.009925157976369323,0.99926,0.07355158137935253,0.9786
0.1,773955,77,0.009715852694611844,0.99924,0.07578555398090399,0.9781
0.1,773955,78,0.00941612745820677,0.99932,0.07533562811810765,0.9775
0.1,773955,79,0.009215065961822526,0.9994,0.07543514445690128,0.9784
0.1,773955,80,0.009028094522677929,0.99932,0.07426904102298583,0.9789
0.1,773955,81,0.008787906336656695,0.99948,0.0752201299225333,0.9782
0.1,773955,82,0.008687126455456447,0.99946,0.07443158718055462,0.9781
0.1,773955,83,0.008420066033837588,0.99954,0.07518499526222663,0.9782
0.1,773955,84,0.008218895003512595,0.99956,0.0762907358644587,0.978
0.1,773955,85,0.008020216579353161,0.99954,0.075181840703729,0.978
0.1,773955,86,0.007822465355743989,0.99954,0.07583664763647668,0.9781
0.1,773955,87,0.007666442327584274,0.99956,0.07666514625886095,0.9785
0.1,773955,88,0.007467624344389886,0.99954,0.07594435003920254,0.978
0.1,773955,89,0.00732015346374658,0.99968,0.07643642604279716,0.9781
0.1,773955,90,0.007145864783838395,0.99968,0.07643279565969598,0.9781
0.1,773955,91,0.007025908973797467,0.99964,0.07704826519112776,0.9782
0.1,773955,92,0.006852150231283955,0.99968,0.07621998308628997,0.9779
0.1,773955,93,0.006731357889250198,0.99968,0.07695630862469094,0.9775
0.1,773955,94,0.006602243471364182,0.9997,0.07662557646424686,0.9778
0.1,773955,95,0.0064418534729252155,0.9997,0.0764702208212877,0.9783
0.1,773955,96,0.0063153820291510145,0.99976,0.07677795583653607,0.9781
0.1,773955,97,0.006156409225998724,0.99978,0.0770676879332655,0.9775
0.1,773955,98,0.006043251457002794,0.9998,0.0775784516497583,0.9783
0.1,773955,99,0.0059357109063450705,0.99984,0.07726876066364392,0.9779
0.1,773955,100,0.005817619477154203,0.99982,0.07739398352710858,0.9776
0.5,654571,1,0.43044405390847235,0.86562,0.2724410736548498,0.9116
0.5,654571,2,0.16838194478366716,0.9498,0.1423868078164512,0.9572
0.5,654571,3,0.1199194453509891,0.96444,0.11802177394261025,0.9625
0.5,654571,4,0.09227636238259633,0.97312,0.11535744362524575,0.964
0.5,654571,5,0.07476216512414577,0.9777,0.09371636636860324,0.9716
0.5,654571,6,0.062343154352699076,0.98186,0.08758180999712029,0.9722
0.5,654571,7,0.0516141540087376,0.98472,0.08925086117152356,0.9734
0.5,654571,8,0.04426855834189495,0.98748,0.08113283171620962,0.975
0.5,654571,9,0.03781678742688381,0.98936,0.08871824597487823,0.9724
0.5,654571,10,0.032320673149231385,0.9908,0.07580144910962555,0.9769
0.5,654571,11,0.027429817414884677,0.99246,0.08045302727011315,0.9768
0.5,654571,12,0.02351682474228682,0.99392,0.07429146474587635,0.9774
0.5,654571,13,0.020434622758723302,0.99518,0.07205098110981445,0.9776
0.5,654571,14,0.016846586124968834,0.99656,0.07397360319532678,0.9781
0.5,654571,15,0.01474351286759502,0.99712,0.0718968870881665,0.9785
0.5,654571,16,0.012538754915459733,0.99776,0.07819936331529197,0.9791
0.5,654571,17,0.010675637792147632,0.99834,0.07505164243646074,0.9786
0.5,654571,18,0.009279063059248317,0.9985,0.07413720761893912,0.9791
0.5,654571,19,0.008016028238766699,0.9992,0.0793944115917087,0.9781
0.5,654571,20,0.007004743908147681,0.99934,0.07585685774706404,0.9795
0.5,654571,21,0.005989886358891932,0.99962,0.07410393505453255,0.9792
0.5,654571,22,0.005355768372013894,0.99968,0.07520761007800777,0.9797
0.5,654571,23,0.004778788478956044,0.99978,0.07563328365108596,0.9796
0.5,654571,24,0.00423268726309374,0.99986,0.07776303140464044,0.9798
0.5,654571,25,0.0038701127222274937,0.99994,0.07604371661478963,0.9796
0.5,654571,26,0.0035155664203857474,0.99992,0.07807884157719674,0.9789
0.5,654571,27,0.003260939404694235,0.99996,0.07615109072955746,0.98
0.5,654571,28,0.002951069871698022,0.99998,0.0794497973468475,0.9789
0.5,654571,29,0.0027723304175826143,1.0,0.07752811903565895,0.9797
0.5,654571,30,0.0026025185102185777,0.99996,0.07872030100889604,0.9788
0.5,654571,31,0.002444417932626486,0.99998,0.07789925586758864,0.9801
0.5,654571,32,0.002320243939279086,0.99996,0.07940754908509022,0.9794
0.5,654571,33,0.0021550885647432217,1.0,0.078529277302076,0.9801
0.5,654571,34,0.0020531875454312676,1.0,0.07847741975610463,0.9804
0.5,654571,35,0.0019437548325516585,1.0,0.07921576082249578,0.9808
0.5,654571,36,0.0018420618227614324,1.0,0.08050897978877367,0.9801
0.5,654571,37,0.0017597081547349725,1.0,0.0809337052170887,0.9794
0.5,654571,38,0.001670247457487071,1.0,0.08218954658194881,0.9794
0.5,654571,39,0.0016091342860127568,1.0,0.08143559704513458,0.9797
0.5,654571,40,0.0015453929421774678,1.0,0.08129917138360375,0.9803
0.5,654571,41,0.001483251715874205,1.0,0.08104598155523865,0.9798
0.5,654571,42,0.0014253697299491804,1.0,0.08186755860318509,0.9801
0.5,654571,43,0.0013724630117242676,1.0,0.08301671436787364,0.9799
0.5,654571,44,0.001325491195351692,1.0,0.08307421011298416,0.9797
0.5,654571,45,0.0012747132338964831,1.0,0.08298798762402401,0.9798
0.5,654571,46,0.0012249114504394578,1.0,0.08280021219497491,0.98
0.5,654571,47,0.0011931126166813064,1.0,0.08297933795134703,0.98
0.5,654571,48,0.0011557897310233833,1.0,0.08351985190141152,0.9799
0.5,654571,49,0.0011097186572716152,1.0,0.0848304756635606,0.9796
0.5,654571,50,0.0010839267891738081,1.0,0.08418501990990217,0.98
0.5,654571,51,0.0010536574843711208,1.0,0.08392402865538456,0.9799
0.5,654571,52,0.001017022261592317,1.0,0.08442009484602425,0.98
0.5,654571,53,0.0009888054041892768,1.0,0.0844356148642749,0.9803
0.5,654571,54,0.0009640533564568909,1.0,0.08448361356547196,0.9799
0.5,654571,55,0.0009393371450136189,1.0,0.08449157708886379,0.9798
0.5,654571,56,0.0009115139784801309,1.0,0.08564812225219598,0.9802
0.5,654571,57,0.0008937853448848091,1.0,0.08513403122909068,0.9799
0.5,654571,58,0.0008662352688530171,1.0,0.0857385294169578,0.98
0.5,654571,59,0.0008491643289803205,1.0,0.08541440269059333,0.9804
0.5,654571,60,0.0008270606930168093,1.0,0.08584392781130896,0.9802
0.5,654571,61,0.0008073900340097271,1.0,0.08637208041345423,0.9801
0.5,654571,62,0.000787443053104077,1.0,0.08699145984363756,0.9801
0.5,654571,63,0.0007699952823944292,1.0,0.08654315561794185,0.9796
0.5,654571,64,0.0007541169188249566,1.0,0.08672600046962971,0.9797
0.5,654571,65,0.000738089815768385,1.0,0.08664106041465697,0.9802
0.5,654571,66,0.0007178685685270105,1.0,0.08697079190006225,0.9802
0.5,654571,67,0.0007055388288518001,1.0,0.0874259356470451,0.9797
0.5,654571,68,0.0006934156330196525,1.0,0.08748787438881082,0.9799
0.5,654571,69,0.0006807213091345213,1.0,0.08763384047989382,0.98
0.5,654571,70,0.0006650506589211773,1.0,0.08825146250617222,0.9798
0.5,654571,71,0.0006510735172534391,1.0,0.08834052441501586,0.9801
0.5,654571,72,0.0006420647707414315,1.0,0.08839430315700958,0.9801
0.5,654571,73,0.0006292757092840843,1.0,0.08804244444799271,0.9802
0.5,654571,74,0.0006163951500130738,1.0,0.0881979504561858,0.9797
0.5,654571,75,0.0006045515678363138,1.0,0.08853206426394995,0.9796
0.5,654571,76,0.000593097220706078,1.0,0.08890308237788168,0.9802
0.5,654571,77,0.0005807285696775231,1.0,0.08952634915890581,0.98
0.5,654571,78,0.0005723850682663999,1.0,0.08894386220238959,0.9796
0.5,654571,79,0.0005625849686981711,1.0,0.08959594504458476,0.9801
0.5,654571,80,0.0005544090210868207,1.0,0.08920926017919768,0.98
0.5,654571,81,0.0005431406913362109,1.0,0.08977790562371134,0.9799
0.5,654571,82,0.0005347122916508466,1.0,0.0897764698565981,0.9805
0.5,654571,83,0.0005263235950319761,1.0,0.09044330975119926,0.9801
0.5,654571,84,0.0005193211913829554,1.0,0.0900482544060502,0.9799
0.5,654571,85,0.0005093574015643167,1.0,0.0899448153290936,0.9797
0.5,654571,86,0.0005017925259134282,1.0,0.09022447201645148,0.9799
0.5,654571,87,0.0004934050793947485,1.0,0.09078371890915696,0.98
0.5,654571,88,0.00048697378488455137,1.0,0.0904666421384746,0.9799
0.5,654571,89,0.0004787369842733575,1.0,0.0913100810164467,0.9802
0.5,654571,90,0.00047337725811126785,1.0,0.09054684585892356,0.98
0.5,654571,91,0.0004651857470318539,1.0,0.0909262827611858,0.9805
0.5,654571,92,0.0004590432263509952,1.0,0.09122620075351512,0.9806
0.5,654571,93,0.000451726021260372,1.0,0.09069995687943977,0.9803
0.5,654571,94,0.00044649274926502263,1.0,0.09138629232826326,0.9801
0.5,654571,95,0.0004389266603060653,1.0,0.09205768524793992,0.9803
0.5,654571,96,0.0004332845634573888,1.0,0.09162810009516786,0.98
0.5,654571,97,0.00042728897821896325,1.0,0.09119525701527781,0.9798
0.5,654571,98,0.00042244380365205614,1.0,0.09146044553182998,0.9797
0.5,654571,99,0.00041646375331589886,1.0,0.09169952848412528,0.9803
0.5,654571,100,0.0004109490892712448,1.0,0.09232686944003314,0.9804
0.5,89250,1,0.4255052395599423,0.869,0.2225914061870906,0.9295
0.5,89250,2,0.16020375602992595,0.95292,0.13644529640036052,0.9592
0.5,89250,3,0.11261901706297267,0.96708,0.1128638860679699,0.9667
0.5,89250,4,0.08850749792794714,0.97398,0.09968823759688891,0.9694
0.5,89250,5,0.07247628299148987,0.97856,0.10290718173593293,0.9671
0.5,89250,6,0.06037372149226249,0.9826,0.09586713014301793,0.9716
0.5,89250,7,0.05124734304968334,0.98486,0.08806770303466602,0.9731
0.5,89250,8,0.044627205345890326,0.9873,0.07965696917953276,0.977
0.5,89250,9,0.037417225495634115,0.98922,0.07851850782525133,0.9764
0.5,89250,10,0.03258078987779238,0.99082,0.07734859068345781,0.9762
0.5,89250,11,0.028420509323942952,0.99228,0.0739727372498352,0.9784
0.5,89250,12,0.023596548666662064,0.99382,0.08095521882095161,0.9768
0.5,89250,13,0.019840148575534303,0.99546,0.08581447942552019,0.9737
0.5,89250,14,0.01725184534035081,0.99636,0.07947490345518286,0.9765
0.5,89250,15,0.014825065526436827,0.99722,0.0814270002196243,0.9771
0.5,89250,16,0.01313007350978037,0.99744,0.07519639575816335,0.9784
0.5,89250,17,0.011003216574131355,0.99838,0.07367389172953724,0.9801
0.5,89250,18,0.009652032523499771,0.99876,0.07468073387591757,0.9797
0.5,89250,19,0.008261739594772874,0.9989,0.07476903615690546,0.9786
0.5,89250,20,0.007227778952872291,0.99926,0.07692632483615976,0.9785
0.5,89250,21,0.006200732515756143,0.99952,0.07761804304623522,0.9792
0.5,89250,22,0.005524102361725278,0.99964,0.07569220356071144,0.9799
0.5,89250,23,0.004831481248995987,0.99974,0.07504074300936017,0.9807
0.5,89250,24,0.0044026625324005446,0.99974,0.07575587176754173,0.981
0.5,89250,25,0.003964266848326057,0.99982,0.07671429400900402,0.9808
0.5,89250,26,0.0036377536653575005,0.99988,0.0801039750021055,0.9795
0.5,89250,27,0.0033244738658535977,0.9999,0.07791884632607791,0.9803
0.5,89250,28,0.003083238437702557,0.9999,0.07828435225858026,0.9802
0.5,89250,29,0.0028478589644364144,0.99996,0.07943106312390182,0.9802
0.5,89250,30,0.0026434941257556465,0.99996,0.07979584512544323,0.9808
0.5,89250,31,0.002490670557207733,1.0,0.08000364777810333,0.9806
0.5,89250,32,0.0023497328913457145,0.99996,0.07902072601563334,0.9805
0.5,89250,33,0.00222498156469797,0.99998,0.07962778162754147,0.9806
0.5,89250,34,0.0020812263193020026,0.99998,0.07975928408145644,0.9808
0.5,89250,35,0.0019940961601020283,1.0,0.07988021743332475,0.9805
0.5,89250,36,0.0018905189849895683,1.0,0.07999330014077535,0.9805
0.5,89250,37,0.0017865418323724782,1.0,0.08112298637737643,0.9804
0.5,89250,38,0.001714199284420592,1.0,0.08158256600519743,0.9809
0.5,89250,39,0.0016493697192223533,0.99998,0.08093125441080874,0.981
0.5,89250,40,0.001572235281999869,0.99998,0.08208809044820978,0.9806
0.5,89250,41,0.0015118427831269845,1.0,0.08161429363026212,0.98
0.5,89250,42,0.0014712079883256687,1.0,0.08273603338463485,0.9812
0.5,89250,43,0.001395563144868441,1.0,0.0828300868890546,0.9813
0.5,89250,44,0.0013385918282013832,1.0,0.08256783620992086,0.9802
0.5,89250,45,0.0012902966799902325,1.0,0.0837909479899058,0.9805
0.5,89250,46,0.0012454635753640798,1.0,0.08289410998853493,0.9806
0.5,89250,47,0.0012133349979270844,1.0,0.08404976294987118,0.9807
0.5,89250,48,0.001174381938509477,1.0,0.08411882276993006,0.9811
0.5,89250,49,0.001137825606588818,1.0,0.08396422646719523,0.9806
0.5,89250,50,0.0011053203253861515,1.0,0.08416142276141328,0.9813
0.5,89250,51,0.0010685296965200059,1.0,0.0848075528845502,0.9806
0.5,89250,52,0.001037801372868835,1.0,0.08491621695004707,0.9802
0.5,89250,53,0.0010018821252396148,1.0,0.08525454939448879,0.9808
0.5,89250,54,0.0009783614286737042,1.0,0.0856440090740135,0.9803
0.5,89250,55,0.0009558922611260251,1.0,0.08528869956200404,0.981
0.5,89250,56,0.0009322040338055142,1.0,0.08598965030325952,0.9808
0.5,89250,57,0.0009029854664627257,1.0,0.08575644968443408,0.9808
0.5,89250,58,0.0008800662541746044,1.0,0.08594200249103015,0.9809
0.5,89250,59,0.0008538512369541769,1.0,0.0862141169530003,0.9806
0.5,89250,60,0.000841253532738163,1.0,0.08619023065770967,0.9808
0.5,89250,61,0.000818963597793597,1.0,0.08630638288193244,0.9806
0.5,89250,62,0.0007996479794620026,1.0,0.0864422459071423,0.9809
0.5,89250,63,0.0007842288685503617,1.0,0.08683955190311134,0.9807
0.5,89250,64,0.0007663119486193338,1.0,0.08695287613226985,0.9807
0.5,89250,65,0.0007494874341887502,1.0,0.08714720331009096,0.9809
0.5,89250,66,0.0007307280007787825,1.0,0.08753356180417411,0.9809
0.5,89250,67,0.0007173645167285222,1.0,0.08825017725017235,0.9808
0.5,89250,68,0.0007006714495813688,1.0,0.08720986764213895,0.9807
0.5,89250,69,0.0006886912806139642,1.0,0.08808040056781614,0.9807
0.5,89250,70,0.0006720932012088596,1.0,0.08858528102687026,0.9806
0.5,89250,71,0.0006602083962602259,1.0,0.08803735237278616,0.9807
0.5,89250,72,0.0006468816691458388,1.0,0.08862580772665339,0.9807
0.5,89250,73,0.0006333200842171011,1.0,0.08875001342206294,0.9809
0.5,89250,74,0.0006238279474622243,1.0,0.08884095741072909,0.9805
0.5,89250,75,0.0006096584501424953,1.0,0.08915021496282043,0.9804
0.5,89250,76,0.0005986718318711104,1.0,0.08929515680489748,0.9806
0.5,89250,77,0.0005915109711617835,1.0,0.08929555101301917,0.9808
0.5,89250,78,0.0005780943141758725,1.0,0.08941579364230552,0.9806
0.5,89250,79,0.0005698020180354415,1.0,0.08927823529594045,0.9807
0.5,89250,80,0.0005580961290100533,1.0,0.08952788508297782,0.9806
0.5,89250,81,0.0005513659340738939,1.0,0.08969680141794158,0.9807
0.5,89250,82,0.0005404575038395904,1.0,0.0898421580335983,0.981
0.5,89250,83,0.0005338550031139768,1.0,0.09016947724156765,0.9805
0.5,89250,84,0.0005242745403407516,1.0,0.0902689098521474,0.9808
0.5,89250,85,0.0005167135109092667,1.0,0.09032055392054995,0.9809
0.5,89250,86,0.0005086879031571229,1.0,0.09090213166571731,0.9809
0.5,89250,87,0.0004987559236298517,1.0,0.09076444432220668,0.9808
0.5,89250,88,0.0004919584128433726,1.0,0.0909571416722439,0.9804
0.5,89250,89,0.0004864359860281008,1.0,0.09088631555422019,0.9808
0.5,89250,90,0.0004778797651434581,1.0,0.09120442451705553,0.9804
0.5,89250,91,0.0004704219063288797,1.0,0.09123753810693495,0.9811
0.5,89250,92,0.00046371519033078213,1.0,0.09107011948534696,0.9808
0.5,89250,93,0.00045725189987966394,1.0,0.09121730399098395,0.9808
0.5,89250,94,0.0004507939857523163,1.0,0.09143923132489915,0.9807
0.5,89250,95,0.0004448181200436619,1.0,0.09188620015171584,0.9804
0.5,89250,96,0.0004391418118408076,1.0,0.09177540519506379,0.9809
0.5,89250,97,0.00043316534710479543,1.0,0.09185342002266982,0.9808
0.5,89250,98,0.00042627214630932024,1.0,0.09193323237580467,0.9808
0.5,89250,99,0.00042071876879485606,1.0,0.09224904045134186,0.9807
0.5,89250,100,0.00041474934904341533,1.0,0.09228516674055065,0.9809
0.5,773955,1,0.4229126055493488,0.8682,0.2135245043989059,0.9356
0.5,773955,2,0.1601526958706765,0.95328,0.13600379368675475,0.96
0.5,773955,3,0.11263386743450356,0.96742,0.23915493965509954,0.9255
0.5,773955,4,0.0877423279987887,0.97532,0.10131211111221464,0.9696
0.5,773955,5,0.07171716064262025,0.97888,0.08851673994879558,0.9726
0.5,773955,6,0.05809482962245862,0.98392,0.0906345200712796,0.9722
0.5,773955,7,0.04923359189772441,0.986,0.09003024253100123,0.973
0.5,773955,8,0.04224247953347614,0.988,0.08606096422386895,0.9753
0.5,773955,9,0.03717226968838243,0.9895,0.07800575840711718,0.9759
0.5,773955,10,0.03159981468911295,0.9914,0.09515557823107404,0.9708
0.5,773955,11,0.02706138362557452,0.99286,0.07457325707290224,0.9782
0.5,773955,12,0.02239195462648608,0.99398,0.07434752775820698,0.9799
0.5,773955,13,0.018964213231023395,0.99564,0.07102781009061687,0.979
0.5,773955,14,0.016340215083173504,0.99644,0.07332507249729604,0.979
0.5,773955,15,0.014213272300131537,0.99732,0.07216688795436108,0.9787
0.5,773955,16,0.01191868508013488,0.99824,0.07405553900882185,0.9786
0.5,773955,17,0.010417471172802254,0.99846,0.07129575691001806,0.9809
0.5,773955,18,0.009150837893668377,0.99892,0.07140276677305299,0.9802
0.5,773955,19,0.007777511826529233,0.99926,0.08002452771466628,0.9794
0.5,773955,20,0.006869165709736751,0.99942,0.06993355102889545,0.9813
0.5,773955,21,0.006192504741565774,0.99954,0.07323823469363154,0.9802
0.5,773955,22,0.005316428481233458,0.99968,0.07292621035590514,0.9805
0.5,773955,23,0.004956994927617535,0.99962,0.07520583933400284,0.9807
0.5,773955,24,0.00425176952073504,0.99982,0.07604415444390691,0.9799
0.5,773955,25,0.003840407947997594,0.99994,0.0746312994441253,0.9808
0.5,773955,26,0.003491421005821278,0.99994,0.07448497860756627,0.9809
0.5,773955,27,0.0032104604763988666,1.0,0.07551763520460106,0.9804
0.5,773955,28,0.003060850204774186,0.99992,0.07371918005459932,0.9816
0.5,773955,29,0.0027702694803824666,0.99994,0.07643084934333742,0.9811
0.5,773955,30,0.0025882792006510762,0.99996,0.0771543012893142,0.981
0.5,773955,31,0.0024520938357848816,1.0,0.07653438886727854,0.9817
0.5,773955,32,0.0022915654458900247,0.99998,0.07561354436906688,0.9811
0.5,773955,33,0.002163137820232901,1.0,0.07588515798332028,0.9814
0.5,773955,34,0.002029347424110436,1.0,0.07964438870157028,0.9802
0.5,773955,35,0.001961851598878045,1.0,0.07673208368147781,0.9812
0.5,773955,36,0.0018457237596865483,1.0,0.07669325797234372,0.9809
0.5,773955,37,0.001766391021252653,0.99998,0.07793772998588464,0.982
0.5,773955,38,0.0016890044733023223,0.99998,0.07782365605887938,0.9814
0.5,773955,39,0.001613212197445799,1.0,0.07824392225743192,0.9817
0.5,773955,40,0.001547874703508767,1.0,0.07821664900556664,0.9811
0.5,773955,41,0.0014841328506703909,1.0,0.0781052566002978,0.9813
0.5,773955,42,0.0014294141591431847,1.0,0.07923442318278316,0.9812
0.5,773955,43,0.0013715584683015422,1.0,0.0793312324007686,0.9811
0.5,773955,44,0.0013327333782683813,1.0,0.07941877335683906,0.9815
0.5,773955,45,0.0012815123290255417,1.0,0.07959213063573702,0.9814
0.5,773955,46,0.0012273975634359273,1.0,0.08011209760106365,0.9815
0.5,773955,47,0.0012013462073085374,1.0,0.07980864577395279,0.9818
0.5,773955,48,0.0011575126226077077,1.0,0.07984508382186778,0.9816
0.5,773955,49,0.001123364734490126,1.0,0.0805065211248364,0.9811
0.5,773955,50,0.001093289614076906,1.0,0.08045637009398354,0.9814
0.5,773955,51,0.001056610057862357,1.0,0.08080050351911851,0.9813
0.5,773955,52,0.0010245390542441125,1.0,0.0807829952646507,0.9817
0.5,773955,53,0.0009996880685919985,1.0,0.08151302208455533,0.9814
0.5,773955,54,0.0009754314370609117,1.0,0.08155328055215014,0.9815
0.5,773955,55,0.0009389644933927388,1.0,0.08190893967688735,0.9815
0.5,773955,56,0.0009218634004818845,1.0,0.08201184967515388,0.9816
0.5,773955,57,0.0008962910872788284,1.0,0.08233578331312298,0.9811
0.5,773955,58,0.0008724785677194388,1.0,0.08185800682737777,0.9818
0.5,773955,59,0.0008517776954019044,1.0,0.08206432606838787,0.9816
0.5,773955,60,0.000833278934490485,1.0,0.08238949876164348,0.9813
0.5,773955,61,0.0008131729856364714,1.0,0.08255427036131606,0.9815
0.5,773955,62,0.0007942290775304669,1.0,0.08275256067637522,0.9819
0.5,773955,63,0.0007713867167526575,1.0,0.0834298464962637,0.982
0.5,773955,64,0.000762024473569905,1.0,0.0835160804774994,0.9814
0.5,773955,65,0.0007427750732110944,1.0,0.08395315310926015,0.9816
0.5,773955,66,0.0007293320686174672,1.0,0.08320530353415938,0.9815
0.5,773955,67,0.0007096319592090571,1.0,0.08335145147985647,0.9816
0.5,773955,68,0.0006979801135073698,1.0,0.08390731524448625,0.9816
0.5,773955,69,0.0006841432679827159,1.0,0.08389918240584048,0.9816
0.5,773955,70,0.0006694875771737753,1.0,0.08434215673711226,0.9817
0.5,773955,71,0.0006554402134014812,1.0,0.08447579116104303,0.9818
0.5,773955,72,0.0006442685123841711,1.0,0.08434451715505199,0.9812
0.5,773955,73,0.0006320677513040904,1.0,0.08476602755175289,0.9815
0.5,773955,74,0.0006197952990822782,1.0,0.08479838049450499,0.9813
0.5,773955,75,0.0006073687660458294,1.0,0.08505752555074807,0.982
0.5,773955,76,0.0006005359092634589,1.0,0.08477108571554483,0.9815
0.5,773955,77,0.0005885429127784174,1.0,0.08565603326249512,0.9816
0.5,773955,78,0.0005777999841040357,1.0,0.08508233917603969,0.9809
0.5,773955,79,0.0005667956154864035,1.0,0.08549829791380562,0.982
0.5,773955,80,0.000559083047710215,1.0,0.08546381891328188,0.9814
0.5,773955,81,0.0005479990547209268,1.0,0.08592415990149277,0.9819
0.5,773955,82,0.0005415948671107153,1.0,0.08545700992620194,0.9814
0.5,773955,83,0.0005312795132198128,1.0,0.08588427871645492,0.9815
0.5,773955,84,0.0005221362760044248,1.0,0.08615066301578952,0.9813
0.5,773955,85,0.0005147334489059198,1.0,0.08637798435297027,0.9818
0.5,773955,86,0.0005059818385678435,1.0,0.0865535462844929,0.9817
0.5,773955,87,0.0004980074891455898,1.0,0.08643657619891058,0.9815
0.5,773955,88,0.0004902819065410835,1.0,0.08678284433145717,0.9815
0.5,773955,89,0.0004824585229043107,1.0,0.086897115046621,0.9814
0.5,773955,90,0.0004755127134080634,1.0,0.08666885975377653,0.9815
0.5,773955,91,0.00046882458944260715,1.0,0.08703438423426747,0.9817
0.5,773955,92,0.00046262160908601814,1.0,0.08702945294072412,0.9812
0.5,773955,93,0.0004560088201490421,1.0,0.08728678652397528,0.9816
0.5,773955,94,0.000449859603725903,1.0,0.08729049702377635,0.9818
0.5,773955,95,0.0004440576235233069,1.0,0.08734464261662073,0.9818
0.5,773955,96,0.0004376454500980505,1.0,0.08732193628661099,0.9814
0.5,773955,97,0.00043051026829529716,1.0,0.0875764856581591,0.9811
0.5,773955,98,0.00042456804209263667,1.0,0.08754072517013754,0.9816
0.5,773955,99,0.0004192845234059203,1.0,0.08779915656391053,0.9814
0.5,773955,100,0.0004136164209760442,1.0,0.08794072653495473,0.9821
0.9,654571,1,0.3996634586578461,0.8709,0.20290832627104244,0.9346
0.9,654571,2,0.13229909792952108,0.96012,0.11225315043620887,0.966
0.9,654571,3,0.09593650965418873,0.97106,0.10239532944441078,0.9677
0.9,654571,4,0.07454299440327071,0.97758,0.11711005176153208,0.9648
0.9,654571,5,0.06099720772992633,0.98114,0.08687652223924629,0.9739
0.9,654571,6,0.05151101170807981,0.9835,0.08103571148959754,0.9771
0.9,654571,7,0.04151733645966005,0.98766,0.08795765166860171,0.9739
0.9,654571,8,0.03574714653798666,0.98894,0.08282508179082035,0.975
0.9,654571,9,0.029227219220956367,0.99124,0.14196167519350816,0.9579
0.9,654571,10,0.025253140761894534,0.99238,0.08356907347886092,0.9759
0.9,654571,11,0.019267270419227076,0.99498,0.10050518080165137,0.9705
0.9,654571,12,0.016840831351255237,0.99566,0.0953310402690257,0.974
0.9,654571,13,0.013053326625607268,0.99686,0.08567510505731726,0.9759
0.9,654571,14,0.010560682433031527,0.99776,0.08540128334643161,0.9775
0.9,654571,15,0.008355399590023656,0.99852,0.08317814423093522,0.9773
0.9,654571,16,0.006514790287244519,0.99908,0.08670271228321048,0.9778
0.9,654571,17,0.00526118031302009,0.99942,0.08804230080017879,0.9775
0.9,654571,18,0.00430863002205953,0.99956,0.08529358751947669,0.9777
0.9,654571,19,0.003702581504504613,0.99976,0.08732600946917649,0.9792
0.9,654571,20,0.003221302509280022,0.99972,0.08663067255155008,0.9788
0.9,654571,21,0.00260694429784823,0.99992,0.08732212818660116,0.9775
0.9,654571,22,0.0022964100026418095,0.9999,0.08914127012926172,0.9788
0.9,654571,23,0.002027121516535087,0.99998,0.08859154975782144,0.979
0.9,654571,24,0.0017849456802298486,1.0,0.0890606909971505,0.979
0.9,654571,25,0.0016054224462213375,0.99998,0.08927301356420017,0.9787
0.9,654571,26,0.001491139404671524,1.0,0.08921543627364115,0.979
0.9,654571,27,0.001402524409919658,1.0,0.09015956121435434,0.9786
0.9,654571,28,0.0012936529161410406,1.0,0.09154559198608787,0.9785
0.9,654571,29,0.0012033259508286323,1.0,0.09107108348851285,0.9791
0.9,654571,30,0.0011421186078439316,1.0,0.09146716313217032,0.9792
0.9,654571,31,0.001080594566066611,1.0,0.09225703528789639,0.9791
0.9,654571,32,0.001034661636458063,1.0,0.09273080001009772,0.9791
0.9,654571,33,0.0009726724255555055,1.0,0.0933748998125862,0.9791
0.9,654571,34,0.0009215353324071502,1.0,0.09289035100906907,0.9793
0.9,654571,35,0.0008812946131496101,1.0,0.09381235076192983,0.9794
0.9,654571,36,0.0008412060612605828,1.0,0.09428424131393828,0.9795
0.9,654571,37,0.0008083278459265636,1.0,0.09471232511399508,0.9794
0.9,654571,38,0.0007720230034533122,1.0,0.095806233854462,0.9791
0.9,654571,39,0.0007509737609317331,1.0,0.09545964244728641,0.9794
0.9,654571,40,0.0007188978072578325,1.0,0.09548429057696903,0.9795
0.9,654571,41,0.0006952133391850441,1.0,0.0959211717965495,0.9795
0.9,654571,42,0.0006703938557637714,1.0,0.09596785960701043,0.9792
0.9,654571,43,0.0006489512804982723,1.0,0.09745354705120453,0.9788
0.9,654571,44,0.0006272727629936838,1.0,0.09766478054107487,0.9792
0.9,654571,45,0.0006060561725626021,1.0,0.09740251545024425,0.9794
0.9,654571,46,0.0005826893307655506,1.0,0.09775420247738205,0.9791
0.9,654571,47,0.000568164273836536,1.0,0.09785747458273106,0.979
0.9,654571,48,0.000554254350354494,1.0,0.0982400404136852,0.9794
0.9,654571,49,0.0005362497862545457,1.0,0.0993511352254943,0.9793
0.9,654571,50,0.0005230825810405112,1.0,0.0993063937083936,0.9791
0.9,654571,51,0.0005091348431338368,1.0,0.0990817927520991,0.9793
0.9,654571,52,0.0004923809994165046,1.0,0.09994354914780867,0.9793
0.9,654571,53,0.0004816916299293306,1.0,0.0998862964936527,0.9792
0.9,654571,54,0.00046860320413145425,1.0,0.099684974276219,0.9795
0.9,654571,55,0.00045925104543130936,1.0,0.09978505666666379,0.9794
0.9,654571,56,0.00044500288970750586,1.0,0.10036558321292792,0.9795
0.9,654571,57,0.0004369446953781725,1.0,0.10033250333138978,0.9794
0.9,654571,58,0.00042542062360539137,1.0,0.10102654628658768,0.9792
0.9,654571,59,0.00041574682694245525,1.0,0.10089463324947835,0.9795
0.9,654571,60,0.00040712346903362684,1.0,0.10131676515153948,0.9798
0.9,654571,61,0.00039848748707841357,1.0,0.10161493415175925,0.9793
0.9,654571,62,0.0003896339654095227,1.0,0.10211795413174986,0.9791
0.9,654571,63,0.00038205439390079994,1.0,0.1017033258965641,0.9792
0.9,654571,64,0.0003742318635592658,1.0,0.10189384623347023,0.9794
0.9,654571,65,0.0003669126639984644,1.0,0.10244327602323511,0.9792
0.9,654571,66,0.00035834787150730785,1.0,0.10283576433053347,0.9792
0.9,654571,67,0.00035245481429108013,1.0,0.10261538627557838,0.9794
0.9,654571,68,0.0003455831201003829,1.0,0.10329486830120206,0.9794
0.9,654571,69,0.00033984167278676837,1.0,0.10298440003674252,0.9793
0.9,654571,70,0.00033269799155301376,1.0,0.10373039865641526,0.9796
0.9,654571,71,0.00032701066796547615,1.0,0.10398795115367475,0.9792
0.9,654571,72,0.0003225348308947919,1.0,0.10395503121931408,0.9795
0.9,654571,73,0.00031538503810600663,1.0,0.10362410017148006,0.9794
0.9,654571,74,0.00031014642703428507,1.0,0.10406997890414019,0.9795
0.9,654571,75,0.000304374872650104,1.0,0.10413020284233634,0.9795
0.9,654571,76,0.0002995850473729973,1.0,0.1046110112630797,0.9795
0.9,654571,77,0.00029401838537078677,1.0,0.10498368531495735,0.9792
0.9,654571,78,0.0002893759162533342,1.0,0.10468157882499156,0.9793
0.9,654571,79,0.00028477181662728865,1.0,0.10521894107705959,0.9794
0.9,654571,80,0.0002805780772258199,1.0,0.10492592082975598,0.9794
0.9,654571,81,0.0002758757440005225,1.0,0.10535446161791645,0.9792
0.9,654571,82,0.00027152715570531353,1.0,0.1056572118619524,0.9793
0.9,654571,83,0.00026758760686492757,1.0,0.10583766542028022,0.9796
0.9,654571,84,0.0002637870087715896,1.0,0.1057278640604135,0.9794
0.9,654571,85,0.0002597966423031999,1.0,0.1057942072034665,0.9795
0.9,654571,86,0.00025557399630070306,1.0,0.10626265239360619,0.9791
0.9,654571,87,0.00025202072152189794,1.0,0.10626219605524687,0.9791
0.9,654571,88,0.0002489776294999942,1.0,0.10656022147263963,0.9792
0.9,654571,89,0.00024519016446875356,1.0,0.10679468781764011,0.9793
0.9,654571,90,0.0002418821067205182,1.0,0.10675779118523032,0.9793
0.9,654571,91,0.00023818535264130477,1.0,0.10693143113231092,0.9791
0.9,654571,92,0.00023529040880097387,1.0,0.10715072481780742,0.9791
0.9,654571,93,0.00023200597489115874,1.0,0.10714353630383573,0.9795
0.9,654571,94,0.00022901699884141715,1.0,0.10739434728737887,0.9794
0.9,654571,95,0.0002256218180984842,1.0,0.1079867081173662,0.9792
0.9,654571,96,0.00022309071510307748,1.0,0.10757073649205251,0.9795
0.9,654571,97,0.00022009077972374002,1.0,0.10785621118079203,0.9794
0.9,654571,98,0.0002173813475673435,1.0,0.10783406969706166,0.9794
0.9,654571,99,0.00021468149957582316,1.0,0.10823520523089028,0.9793
0.9,654571,100,0.00021201675941485054,1.0,0.10848822259399749,0.9794
0.9,89250,1,0.3869974438482229,0.87716,0.1912333546809949,0.9396
0.9,89250,2,0.13162119344451045,0.95982,0.11760843708172726,0.9629
0.9,89250,3,0.09216727701370606,0.97246,0.10341729148582308,0.9678
0.9,89250,4,0.07289233952455319,0.97742,0.0880888144769078,0.9738
0.9,89250,5,0.05801803543765002,0.98168,0.11669343532109144,0.9636
0.9,89250,6,0.04830617853694028,0.98472,0.09129031043002976,0.9734
0.9,89250,7,0.03949274818365574,0.98758,0.08814794273577055,0.9754
0.9,89250,8,0.03263024573971434,0.9899,0.07644245446907634,0.9777
0.9,89250,9,0.02581678143395394,0.99242,0.07977445440251071,0.9787
0.9,89250,10,0.0199209468861561,0.99464,0.08005749194866439,0.9775
0.9,89250,11,0.016830040131870862,0.99566,0.0810353515949012,0.9779
0.9,89250,12,0.013852465695884804,0.99652,0.08661353565980369,0.9781
0.9,89250,13,0.010707592074751075,0.99752,0.0933097306024684,0.9756
0.9,89250,14,0.008527514224286494,0.99832,0.08187123709419053,0.9799
0.9,89250,15,0.006713176716443181,0.99902,0.08027217824748557,0.9803
0.9,89250,16,0.005201388021903496,0.99938,0.08118376335836465,0.9808
0.9,89250,17,0.004271743061494069,0.99958,0.08263231281826058,0.9805
0.9,89250,18,0.0034845040349452843,0.99974,0.0809572408212907,0.9809
0.9,89250,19,0.002742015241224207,0.99988,0.08026337143959895,0.9813
0.9,89250,20,0.002332224326942406,0.99992,0.0819154282141099,0.9807
0.9,89250,21,0.0020959864710599877,0.99998,0.08326089245299326,0.9816
0.9,89250,22,0.0018986853675081292,0.99994,0.08412293525554908,0.9814
0.9,89250,23,0.0016595191874684966,0.99998,0.08369203077703909,0.9812
0.9,89250,24,0.0015312947897097326,1.0,0.08457475024751838,0.9822
0.9,89250,25,0.0014030906457482345,1.0,0.08520545934633005,0.9819
0.9,89250,26,0.0013243077665966883,1.0,0.08560610867431702,0.9814
0.9,89250,27,0.0012146409944631797,1.0,0.08701301421492864,0.9812
0.9,89250,28,0.001153612344786079,1.0,0.08689926349684549,0.9818
0.9,89250,29,0.0010897630077252843,1.0,0.08724963052931793,0.9813
0.9,89250,30,0.0010314841814437915,1.0,0.0880849602972257,0.9817
0.9,89250,31,0.0009690395660819574,1.0,0.08864844624938634,0.9815
0.9,89250,32,0.0009257249238108075,1.0,0.08925489146598695,0.9813
0.9,89250,33,0.0008834239164938815,1.0,0.0891006635965122,0.9818
0.9,89250,34,0.0008453850926437758,1.0,0.08960908268265994,0.9822
0.9,89250,35,0.0008048171048557652,1.0,0.08968313027027675,0.9817
0.9,89250,36,0.0007726598903342641,1.0,0.08974249604125993,0.9817
0.9,89250,37,0.0007419807422601104,1.0,0.09109775665289048,0.9816
0.9,89250,38,0.0007134419099486072,1.0,0.09118505872054772,0.9818
0.9,89250,39,0.0006910010281724601,1.0,0.09104249888612298,0.9816
0.9,89250,40,0.0006641145042495245,1.0,0.09154541466529459,0.9818
0.9,89250,41,0.0006390098024073015,1.0,0.09156840116801974,0.9814
0.9,89250,42,0.0006174459179849326,1.0,0.0925129016272052,0.9818
0.9,89250,43,0.0005993392955896973,1.0,0.09220421870231846,0.982
0.9,89250,44,0.000577300633400758,1.0,0.09277636750463235,0.9815
0.9,89250,45,0.0005611914756067131,1.0,0.09346528700900396,0.9815
0.9,89250,46,0.0005409309294078175,1.0,0.09327125386723606,0.9813
0.9,89250,47,0.000530404883982521,1.0,0.09386339884900101,0.9815
0.9,89250,48,0.0005131542877369699,1.0,0.09374903822767951,0.9819
0.9,89250,49,0.000501098351166073,1.0,0.09410661840253183,0.9819
0.9,89250,50,0.00048613469719408696,1.0,0.09432271927786556,0.9816
0.9,89250,51,0.00047216195555733337,1.0,0.09500516455649272,0.9815
0.9,89250,52,0.00046210520850977865,1.0,0.09486516833499962,0.9818
0.9,89250,53,0.0004481087740625901,1.0,0.09526888960074632,0.9822
0.9,89250,54,0.0004378141544069438,1.0,0.09512722223623753,0.9815
0.9,89250,55,0.0004288854716480695,1.0,0.09543448466213696,0.9819
0.9,89250,56,0.00041834171327875656,1.0,0.09608548713626591,0.9818
0.9,89250,57,0.0004075510010848598,1.0,0.09606520971270686,0.9814
0.9,89250,58,0.00039756672504036035,1.0,0.09614728280383911,0.9822
0.9,89250,59,0.0003879682387924971,1.0,0.09647469755064833,0.9818
0.9,89250,60,0.0003831541594960486,1.0,0.09640427831078426,0.9814
0.9,89250,61,0.00037341062111199784,1.0,0.09671133508781334,0.9818
0.9,89250,62,0.00036543728608648396,1.0,0.09677107060473288,0.9822
0.9,89250,63,0.00035884919463811547,1.0,0.09703308367226107,0.9821
0.9,89250,64,0.0003513725716283813,1.0,0.09731511878550533,0.9819
0.9,89250,65,0.00034476438901900116,1.0,0.09759126801637194,0.9818
0.9,89250,66,0.0003375825993190285,1.0,0.09786327640438344,0.982
0.9,89250,67,0.0003311930461953648,1.0,0.0980420352387321,0.9818
0.9,89250,68,0.0003241183084372169,1.0,0.09779366622253353,0.9819
0.9,89250,69,0.00031942046327243924,1.0,0.09845907632880394,0.9816
0.9,89250,70,0.000312511154220013,1.0,0.09850511803462685,0.9815
0.9,89250,71,0.0003078506511506775,1.0,0.0984822709882056,0.9817
0.9,89250,72,0.00030221637585654056,1.0,0.0987210532853258,0.9818
0.9,89250,73,0.000296061016450689,1.0,0.09930021783319043,0.9817
0.9,89250,74,0.00029204149796645354,1.0,0.09890553444850063,0.9818
0.9,89250,75,0.00028668738183004516,1.0,0.09923819919968133,0.9817
0.9,89250,76,0.00028174969265252857,1.0,0.09920437296131546,0.9817
0.9,89250,77,0.0002778938747814571,1.0,0.09963614481642752,0.9818
0.9,89250,78,0.0002728111411812271,1.0,0.09970600657901812,0.982
0.9,89250,79,0.00026878428713715687,1.0,0.0994725445677565,0.9819
0.9,89250,80,0.00026342140059625323,1.0,0.10003069512039932,0.9816
0.9,89250,81,0.00026068193530403205,1.0,0.10013518030099725,0.982
0.9,89250,82,0.00025615326426068415,1.0,0.10066097398446495,0.9816
0.9,89250,83,0.0002525288353473375,1.0,0.10069010434462136,0.9817
0.9,89250,84,0.0002491864222260004,1.0,0.10054279813797927,0.9814
0.9,89250,85,0.00024546707472678273,1.0,0.10063994365193578,0.9817
0.9,89250,86,0.0002417445574720098,1.0,0.10115168297601915,0.982
0.9,89250,87,0.00023840295000425037,1.0,0.10122114647206593,0.982
0.9,89250,88,0.00023488588350838467,1.0,0.10125256265634838,0.9819
0.9,89250,89,0.00023182621521461954,1.0,0.10137475265363478,0.9817
0.9,89250,90,0.0002285223546363302,1.0,0.10139320181819073,0.9822
0.9,89250,91,0.0002253231356648503,1.0,0.10167941147090105,0.982
0.9,89250,92,0.00022215011842249935,1.0,0.10171075569848874,0.9819
0.9,89250,93,0.00021968480334226098,1.0,0.10179985622029715,0.9818
0.9,89250,94,0.0002164345895075885,1.0,0.10202623976429913,0.9821
0.9,89250,95,0.00021372704335470682,1.0,0.1023402554806842,0.9818
0.9,89250,96,0.00021099567099023121,1.0,0.10257068687735173,0.982
0.9,89250,97,0.00020871954768227307,1.0,0.10233773857881845,0.9818
0.9,89250,98,0.0002055210581389102,1.0,0.10245067626394143,0.9821
0.9,89250,99,0.00020318047749254625,1.0,0.10294757631740231,0.9818
0.9,89250,100,0.00020040172853310863,1.0,0.10272746158805648,0.9817
0.9,773955,1,0.3730811141354657,0.88064,0.17115522253136822,0.9474
0.9,773955,2,0.12923066118544993,0.96098,0.11484040483240962,0.9658
0.9,773955,3,0.09071052238668653,0.97288,0.27046635900297394,0.9141
0.9,773955,4,0.0706931475604647,0.97824,0.08253319286796015,0.9744
0.9,773955,5,0.05651839255227187,0.98238,0.0837805843340524,0.9728
0.9,773955,6,0.04502695360670631,0.98628,0.08574295949309309,0.9725
0.9,773955,7,0.03776533654526861,0.98824,0.08174272507142061,0.9753
0.9,773955,8,0.02965706183930895,0.99106,0.08026654515176651,0.9752
0.9,773955,9,0.025205697852391032,0.9925,0.09270235618881134,0.9728
0.9,773955,10,0.019961073782800237,0.99446,0.0851572884988905,0.9752
0.9,773955,11,0.016024248348384732,0.99578,0.06995066843635214,0.9793
0.9,773955,12,0.012392964462363418,0.99716,0.0747809577396722,0.9785
0.9,773955,13,0.008871571163419346,0.99838,0.06900828989809439,0.9809
0.9,773955,14,0.007058353949666297,0.9991,0.06960848409774348,0.9815
0.9,773955,15,0.005466457516845299,0.99942,0.0695082065988129,0.981
0.9,773955,16,0.0041816915388765375,0.99968,0.0752398993256853,0.9797
0.9,773955,17,0.0033306758993395915,0.99984,0.07190806963721444,0.9812
0.9,773955,18,0.0030864850295117814,0.99986,0.07224791479367901,0.9817
0.9,773955,19,0.0024896473136164156,0.9999,0.07392366847115928,0.9817
0.9,773955,20,0.002199514312139846,0.99994,0.07047660116151412,0.982
0.9,773955,21,0.0019590115200068385,0.99998,0.07287088278088366,0.9819
0.9,773955,22,0.001805542919949693,0.99996,0.07209662715248238,0.9823
0.9,773955,23,0.0016221799126868953,0.99998,0.07391562762824769,0.9819
0.9,773955,24,0.001469382320385229,1.0,0.07448679137900048,0.9817
0.9,773955,25,0.0013689652722111815,0.99998,0.07468741441679262,0.9814
0.9,773955,26,0.0012684652751522505,0.99998,0.07497289886123326,0.9824
0.9,773955,27,0.0011932357579073917,1.0,0.07614702592498479,0.9822
0.9,773955,28,0.0011326088724434623,0.99998,0.07531124916829783,0.9822
0.9,773955,29,0.0010523308282324247,1.0,0.07626092677985806,0.9821
0.9,773955,30,0.0009995575236693274,1.0,0.07772849188560424,0.9828
0.9,773955,31,0.0009539589134488187,1.0,0.07650160365813882,0.9823
0.9,773955,32,0.0009060646748883394,1.0,0.07669190554665566,0.9816
0.9,773955,33,0.0008627560440395528,1.0,0.07741559465080133,0.9819
0.9,773955,34,0.0008222111671282581,1.0,0.07820240934827731,0.9818
0.9,773955,35,0.0007919252678956483,1.0,0.07785159410647809,0.9819
0.9,773955,36,0.0007540247706424674,1.0,0.07791285048657315,0.982
0.9,773955,37,0.0007283155097088712,1.0,0.07846916523805841,0.9823
0.9,773955,38,0.0006998490335146619,1.0,0.07826065840637085,0.9821
0.9,773955,39,0.0006748929902967237,1.0,0.07896408747213345,0.9821
0.9,773955,40,0.0006477082526172474,1.0,0.07885750632381838,0.9821
0.9,773955,41,0.0006264866857708615,1.0,0.07918635904971343,0.9824
0.9,773955,42,0.0006049055584201978,1.0,0.08007374414029605,0.9818
0.9,773955,43,0.0005846914133722416,1.0,0.08016438399274238,0.982
0.9,773955,44,0.0005705125986613804,1.0,0.08034692291795197,0.982
0.9,773955,45,0.0005511571071298396,1.0,0.08018186499278121,0.9822
0.9,773955,46,0.0005325661116026784,1.0,0.0807933933244381,0.9823
0.9,773955,47,0.0005198464633076179,1.0,0.0808163922594217,0.9823
0.9,773955,48,0.0005027523754589676,1.0,0.08092050680971513,0.9821
0.9,773955,49,0.000488927487500109,1.0,0.081692906270953,0.9821
0.9,773955,50,0.0004782903006088367,1.0,0.081587687241096,0.9821
0.9,773955,51,0.0004623172666156404,1.0,0.08146094376856595,0.9823
0.9,773955,52,0.0004518797786614193,1.0,0.0825084533093096,0.9819
0.9,773955,53,0.0004406728502300509,1.0,0.08244544587574819,0.9819
0.9,773955,54,0.0004306785064352668,1.0,0.0825902634455875,0.9818
0.9,773955,55,0.00041873890212238367,1.0,0.08303026297011312,0.9819
0.9,773955,56,0.00041060186101530085,1.0,0.08292705417092867,0.982
0.9,773955,57,0.0004003672897128203,1.0,0.08333225450370112,0.9822
0.9,773955,58,0.0003906770981544344,1.0,0.08318868450526887,0.9821
0.9,773955,59,0.0003819920852934996,1.0,0.08330909482734504,0.9822
0.9,773955,60,0.00037338507427616866,1.0,0.08350909774926901,0.9824
0.9,773955,61,0.00036606820588010197,1.0,0.08396884906645949,0.9823
0.9,773955,62,0.0003587026350768923,1.0,0.08373116812052447,0.9822
0.9,773955,63,0.00034941981486377494,1.0,0.08434350933898206,0.9822
0.9,773955,64,0.00034497023176191467,1.0,0.08437144485282354,0.9822
0.9,773955,65,0.0003377470640662485,1.0,0.08464695811014478,0.9823
0.9,773955,66,0.0003313837495733314,1.0,0.08454608088192983,0.9822
0.9,773955,67,0.0003240129822901406,1.0,0.08502304637502882,0.9823
0.9,773955,68,0.00031807117217858553,1.0,0.08512638587031171,0.9821
0.9,773955,69,0.0003132412637054383,1.0,0.08517650621183565,0.9823
0.9,773955,70,0.00030621556276945396,1.0,0.08547782869121584,0.9821
0.9,773955,71,0.00030103999123244786,1.0,0.08521686534602516,0.9824
0.9,773955,72,0.0002956740251021947,1.0,0.08572526515180325,0.9821
0.9,773955,73,0.00029096859128314583,1.0,0.08589275269692416,0.9824
0.9,773955,74,0.00028598705228285564,1.0,0.08598930379010554,0.9824
0.9,773955,75,0.0002806600713888838,1.0,0.08627083176369932,0.9823
0.9,773955,76,0.00027660086782346684,1.0,0.08591886344080359,0.9823
0.9,773955,77,0.0002716595271920562,1.0,0.0866047454117508,0.9822
0.9,773955,78,0.00026782103551502035,1.0,0.08617329240159143,0.9824
0.9,773955,79,0.0002629124421419193,1.0,0.08642067845901324,0.9824
0.9,773955,80,0.00025946113660230895,1.0,0.08639646123227344,0.9825
0.9,773955,81,0.0002549324235395789,1.0,0.08706832745427266,0.9822
0.9,773955,82,0.00025178431122933144,1.0,0.08679246637217662,0.9824
0.9,773955,83,0.0002473835494439083,1.0,0.08691665592178263,0.9823
0.9,773955,84,0.00024388485157401303,1.0,0.0869268452673302,0.9824
0.9,773955,85,0.00024034632943530673,1.0,0.08750364878349523,0.9822
0.9,773955,86,0.000236831899071787,1.0,0.0875317383804002,0.9823
0.9,773955,87,0.00023309682689464587,1.0,0.08758952919663004,0.9822
0.9,773955,88,0.00022993310707122394,1.0,0.08754261811509141,0.9825
0.9,773955,89,0.00022645068404939834,1.0,0.08799626662262619,0.9822
0.9,773955,90,0.00022353268140182128,1.0,0.08795566083502468,0.9824
0.9,773955,91,0.00022074791452011874,1.0,0.08826157774251119,0.9823
0.9,773955,92,0.00021758448809826753,1.0,0.08827707343013062,0.9822
0.9,773955,93,0.00021490225739004246,1.0,0.08831011727694427,0.9825
0.9,773955,94,0.0002121880614472472,1.0,0.08825972840321829,0.9824
0.9,773955,95,0.0002092747467077365,1.0,0.08855364728925169,0.9824
0.9,773955,96,0.00020654099134543642,1.0,0.08845745963948812,0.9824
0.9,773955,97,0.00020415462321196157,1.0,0.0888269441000333,0.9823
0.9,773955,98,0.0002007691923643789,1.0,0.0886156586411557,0.9824
0.9,773955,99,0.000199071656422523,1.0,0.08895931027073954,0.9823
0.9,773955,100,0.00019637208576086748,1.0,0.08877085493458337,0.9824
